ip,port,result
193.201.126.50,15561,2
88.119.255.35,11864,1
82.2.206.93,22811,0
149.172.183.19,30562,1
89.179.72.11,28016,2
2.178.11.31,19726,1
76.64.53.45,23154,0
85.253.221.73,14967,1
81.77.160.134,18751,1
60.242.216.86,26994,1
88.201.208.249,18380,2
178.37.200.147,26750,1
176.117.210.192,26006,1
94.157.126.242,35302,1
68.103.47.3,11455,2
188.251.14.50,23697,1
185.150.162.31,15976,2
71.8.81.240,23154,1
140.137.12.140,28938,2
67.171.228.138,12577,1
83.99.211.47,35828,0
180.216.91.120,23154,1
68.11.216.135,26676,2
99.240.163.153,28301,1
158.247.199.233,24631,1
85.195.217.254,10732,2
37.193.103.44,19815,1
90.241.30.149,25369,0
80.85.85.54,23698,2
185.150.162.96,22755,2
86.21.144.89,23154,1
23.137.249.99,2007,2
222.154.146.115,37048,0
92.251.59.251,32419,1
51.146.250.76,31714,1
90.76.131.172,15906,2
94.210.68.58,10607,1
58.168.34.104,36829,1
46.246.80.161,21161,0
83.24.24.234,16458,1
1.122.145.19,36357,1
139.84.143.51,20745,1
194.15.216.99,19513,2
91.38.50.187,8886,1
172.197.9.25,23154,0
212.227.9.137,16241,1
94.16.110.176,13043,1
91.247.128.24,30284,2
92.3.180.46,25324,2
141.148.242.189,16550,1
82.124.218.222,29948,0
99.226.162.51,23154,1
202.61.236.66,39472,2
178.70.79.91,20705,1
107.6.27.36,21417,2
154.61.58.162,23154,1
45.147.231.100,28041,2
184.190.85.93,20329,1
82.25.7.67,30958,1
187.235.144.104,23154,0
107.189.14.138,20569,0
202.65.64.162,20214,1
85.225.34.177,39504,1
109.122.221.180,18034,2
24.212.213.234,13531,2
91.177.253.198,23154,0
188.187.19.63,32408,1
176.226.138.63,24875,1
45.128.27.171,11981,2
107.130.62.114,28217,1
176.193.71.186,4567,2
213.93.172.201,33816,1
95.18.201.170,3531,2
108.61.157.244,22357,1
152.67.65.245,26004,1
146.70.35.164,26723,2
46.116.96.223,15714,0
91.143.92.16,29735,1
108.16.215.51,11874,2
130.245.42.155,27528,1
82.37.43.195,20471,1
98.44.9.190,19802,2
58.161.25.2,36767,1
142.171.76.205,23236,2
81.227.252.107,12345,1
97.102.19.24,26446,0
76.154.93.133,34332,1
155.138.196.200,25300,2
27.253.93.221,36623,1
84.219.213.97,23741,0
106.158.189.184,23154,1
196.221.55.159,27986,1
87.98.186.111,6169,2
152.208.29.108,39520,0
78.105.117.181,37947,1
73.96.126.4,28416,2
110.148.150.245,23473,1
90.0.170.42,23154,1
105.214.94.241,23154,1
173.68.123.78,25043,2
84.186.214.42,11111,1
149.248.50.14,15569,1
37.120.232.42,42142,2
146.70.135.152,13282,2
5.3.160.134,10158,1
68.112.109.64,30873,1
94.242.9.61,21222,1
159.196.97.110,29040,1
83.178.139.233,20015,1
99.224.95.98,26243,0
195.181.12.10,17006,2
46.100.52.67,18174,2
62.66.179.30,31338,1
185.164.163.99,16882,2
139.216.39.188,23154,0
95.244.19.77,17528,1
75.158.66.113,25068,0
65.109.9.135,17419,1
145.239.85.134,21745,0
172.232.53.16,27786,1
142.68.71.143,11831,1
217.218.147.79,12572,2
81.40.58.83,23377,0
188.32.155.214,28911,1
68.226.31.182,18703,2
77.49.127.160,34548,1
1.123.222.18,28697,0
212.101.16.246,15806,2
31.6.179.248,38501,1
188.211.122.51,30497,2
199.192.192.220,25725,1
178.21.164.79,10217,2
45.95.173.108,28773,2
79.173.87.100,4557,2
181.28.82.190,38191,1
86.6.198.170,20819,1
15.235.54.153,20175,2
73.224.133.38,15274,1
146.70.87.173,22442,2
95.84.148.173,28134,2
176.36.208.108,32629,1
87.140.29.152,21314,1
81.131.157.238,30054,1
213.232.255.107,51232,2
104.238.179.231,21039,1
83.253.49.164,34406,1
98.248.60.40,11622,0
88.71.172.182,23154,1
83.10.215.215,38523,0
62.31.241.130,3455,0
141.226.28.42,26312,1
112.78.15.81,15741,0
216.58.72.142,35720,0
193.92.155.81,28613,2
72.128.116.173,37888,1
79.116.158.125,23979,2
88.212.164.83,14666,2
62.108.13.99,29699,1
31.54.92.131,23154,1
89.179.240.133,20081,2
93.124.106.150,9541,1
109.63.166.233,11660,2
31.56.95.158,24024,2
93.95.227.229,18265,2
161.142.229.5,64567,2
47.232.151.145,13090,2
75.30.233.124,9156,1
82.42.127.205,21586,2
31.207.228.172,45679,2
31.56.148.14,14588,2
162.19.3.128,27343,2
96.53.167.29,25545,0
188.211.67.217,14915,2
79.201.150.9,30090,0
5.74.201.207,29357,2
170.64.140.11,15624,1
184.190.223.11,27875,2
205.206.225.197,28241,0
45.44.24.232,34761,1
85.185.56.233,9935,2
77.189.30.243,42666,1
193.124.181.103,12422,1
46.41.150.10,9696,2
2.178.218.7,17848,2
81.226.25.72,11343,1
188.157.134.122,23154,1
89.189.173.41,11781,2
112.104.27.180,10581,0
136.38.25.156,10982,1
212.69.56.39,21262,0
24.45.148.202,23497,1
62.198.19.27,26644,1
2.190.231.31,14439,1
50.5.243.71,27144,2
69.156.34.189,25332,0
193.237.197.194,26762,1
58.182.178.114,29964,1
194.187.207.211,26321,2
76.90.131.12,29873,1
71.231.25.49,12928,0
74.91.27.29,11732,1
142.4.208.115,10197,0
109.177.235.160,29085,0
220.233.92.71,23154,0
82.153.138.92,12440,2
90.94.155.22,37305,1
80.249.116.40,30438,0
94.224.160.109,23154,1
176.193.236.245,5555,1
118.200.109.199,35991,1
89.153.5.57,23154,0
188.155.8.73,20754,1
194.37.81.176,16436,0
31.124.254.44,23433,1
120.148.161.139,30034,2
120.149.91.128,21569,1
70.34.252.191,13362,2
123.253.87.195,26624,1
92.37.206.19,31001,2
46.142.39.154,16619,1
80.31.122.162,9128,2
101.175.98.207,29789,1
77.134.168.136,27783,2
69.176.180.7,23154,0
203.219.194.70,34740,2
98.197.196.20,25181,1
77.246.103.203,11401,2
87.120.8.230,15538,2
37.120.217.74,42142,2
93.157.248.186,11592,2
90.21.42.93,34713,1
219.89.195.60,31563,1
72.68.104.208,17992,2
151.241.137.20,28826,2
212.233.16.218,24333,1
178.253.255.82,24652,0
5.206.95.209,22295,1
51.15.51.30,29574,1
185.177.126.105,10410,2
217.155.42.79,14906,1
2.191.247.69,24355,1
73.75.194.19,30374,2
147.78.245.128,14948,2
130.245.42.144,18560,1
139.180.166.240,30639,1
193.29.104.178,21496,2
142.163.72.4,33757,1
85.234.221.41,11744,2
47.221.114.56,23154,0
193.109.79.205,15726,2
37.195.234.150,16270,1
70.75.107.4,14682,2
45.129.199.211,10387,2
88.99.126.154,27880,2
78.171.150.217,11021,2
91.152.122.33,26185,1
198.48.212.90,27127,1
27.252.194.233,18763,0
95.91.21.83,14385,1
24.20.44.216,20331,1
64.121.51.110,23154,0
24.63.39.50,25614,0
173.164.210.49,26274,1
79.41.129.8,10929,2
180.150.67.110,32752,1
82.25.9.56,23154,1
98.229.87.86,11905,2
95.28.66.16,31915,1
89.219.125.182,20763,0
75.222.154.135,35836,1
91.181.246.126,36212,1
67.167.16.74,24429,2
69.112.48.244,13610,0
90.243.81.51,12336,2
198.167.220.44,23154,1
80.218.180.92,9999,1
185.244.150.78,17466,0
146.90.97.19,24170,1
85.246.45.130,39098,0
153.203.162.2,35259,1
81.95.52.68,27713,1
81.156.189.138,23266,0
86.29.69.145,31098,1
193.118.60.126,38304,0
95.165.139.85,43117,2
115.70.243.115,23295,1
195.201.174.171,27634,2
220.240.188.70,26910,1
93.95.230.78,56064,2
2.176.60.88,30279,1
47.151.187.177,22526,0
94.210.216.185,27824,1
90.169.79.136,20948,2
78.87.240.116,27968,1
178.62.93.188,15042,0
50.25.1.24,12394,0
68.102.121.152,10171,2
92.117.96.128,22083,0
91.121.222.226,28913,1
176.67.64.37,24698,2
89.179.245.49,25875,0
43.128.45.45,20214,1
190.92.200.195,60000,0
94.198.41.234,42142,2
91.132.139.227,36607,2
71.164.108.12,4568,2
98.212.29.204,38146,1
92.100.85.62,11112,2
88.125.188.201,32884,0
24.101.227.37,33755,0
110.159.110.7,38740,1
37.41.42.175,24850,1
111.237.115.101,13423,0
96.241.127.127,20630,1
64.222.105.180,17519,2
146.199.172.196,35238,0
185.207.205.7,54463,2
72.141.244.9,18942,2
185.156.174.115,37462,1
75.110.99.82,25962,0
184.75.214.226,12891,1
95.80.25.230,49274,2
145.239.110.28,15678,2
222.155.60.37,23084,1
76.87.178.42,14031,2
162.228.116.147,11695,1
89.219.206.255,14052,2
178.218.114.238,9987,1
176.120.176.183,32019,2
147.12.202.16,37086,0
78.46.218.146,12732,2
70.83.111.13,33655,1
212.8.247.8,22318,1
46.103.156.71,21530,1
45.247.131.201,23154,0
31.208.229.151,23154,0
81.182.72.182,25192,0
110.141.28.61,38043,1
205.185.113.180,22049,2
144.91.122.7,16181,2
92.247.198.226,25544,1
45.142.105.23,9734,1
89.147.108.209,26014,0
145.14.28.175,12521,1
73.11.160.181,10169,1
45.76.236.74,12344,1
86.216.16.217,31257,0
142.188.26.162,25291,1
49.176.220.228,28048,0
45.91.208.74,10191,2
124.169.134.177,25177,1
178.190.56.11,14576,1
78.47.64.246,27936,2
87.122.98.19,26296,1
89.40.13.5,50976,1
92.233.135.52,38024,1
100.16.42.50,17340,1
78.168.35.56,56520,2
212.142.79.165,25200,2
58.161.86.187,21654,1
23.137.249.147,6245,2
91.193.181.75,27610,1
75.251.108.33,13303,1
73.138.26.75,16359,0
219.77.144.137,31551,1
78.82.204.17,23154,1
178.159.54.10,32220,1
46.116.250.168,20898,1
86.122.183.33,14338,2
128.22.119.92,38598,1
97.104.76.172,11989,1
74.65.248.204,11630,0
43.130.229.193,10902,1
82.21.99.107,28195,0
112.141.97.97,21762,1
86.106.93.104,14840,2
5.228.170.93,23154,1
84.24.159.207,23154,0
88.206.10.87,18796,0
43.132.151.86,20522,1
37.120.151.10,42142,2
76.178.155.25,11569,1
109.132.225.81,21384,0
67.176.231.3,4567,2
109.107.173.4,28800,2
99.250.173.180,32004,1
158.220.99.201,10857,2
147.148.60.25,38928,1
73.206.95.109,9929,2
151.242.128.251,26158,2
137.184.0.170,27237,1
187.241.141.147,12170,2
90.240.91.1,21030,2
88.135.147.254,15369,2
205.185.126.102,27956,2
213.140.217.176,23154,1
185.146.232.40,12825,2
59.102.23.236,37166,1
67.177.60.120,29565,2
210.195.21.211,18722,1
92.125.149.121,27390,2
151.25.253.111,32763,2
124.170.36.51,49003,1
88.165.233.113,22569,1
89.219.205.22,26707,2
14.201.105.44,26307,1
70.53.238.110,38453,0
75.172.49.143,25878,0
43.129.197.120,13353,1
188.180.39.108,30472,1
69.116.216.230,23154,1
31.56.177.203,16058,2
109.88.74.199,16731,1
70.53.5.189,25560,0
69.120.138.232,38984,0
86.15.108.249,23154,0
89.163.212.35,42142,2
81.5.78.16,26377,1
195.181.2.102,28497,2
2.176.29.63,24742,1
96.18.41.235,16940,2
77.99.132.59,39111,1
85.94.92.156,22980,0
62.117.98.116,29222,2
86.41.5.150,20447,2
86.170.197.89,30136,1
39.109.128.246,31904,1
35.142.90.237,27715,1
58.174.94.54,9862,2
51.158.201.82,23154,1
121.212.35.195,22943,1
203.23.128.239,19578,1
137.186.196.208,35895,0
82.65.69.19,26313,0
87.144.251.236,19455,1
109.172.202.153,18927,2
2.191.65.117,22325,1
46.101.204.146,29847,1
165.232.91.85,30010,0
2.190.183.21,28416,0
5.134.84.165,23154,1
124.187.48.120,22167,0
126.111.51.57,23154,0
78.19.59.237,9911,2
202.153.219.95,32066,0
87.220.35.125,11686,2
109.148.154.249,23154,1
77.246.103.124,21580,2
176.31.103.175,38714,1
5.74.205.193,27237,2
79.151.254.131,35052,0
178.45.136.165,36230,1
5.74.137.243,26261,2
107.175.36.65,14515,2
93.51.124.137,35671,0
80.74.157.31,20943,0
176.102.64.242,23154,2
78.107.234.213,22642,1
185.175.45.93,26911,0
94.243.247.180,23653,1
76.237.168.201,36278,1
85.230.189.137,29072,0
79.87.31.179,38980,0
193.239.86.177,23242,2
193.181.35.45,36020,1
47.40.160.236,28490,2
174.175.184.98,14420,1
79.199.42.240,10324,0
90.84.238.223,18307,1
50.195.72.145,27628,2
23.137.248.42,16727,1
100.33.34.98,14333,2
31.13.134.204,11276,2
82.7.93.216,29753,1
178.69.180.197,30520,1
139.177.194.136,11915,2
24.57.10.130,23154,1
46.100.105.128,15561,2
148.66.190.8,24820,1
151.252.146.131,27063,1
97.94.144.131,22233,0
188.83.238.127,34529,0
23.137.250.41,28059,2
93.38.52.230,39340,1
83.44.111.46,23154,1
172.104.86.127,27650,1
90.217.202.68,11059,2
2.191.237.222,22674,1
88.141.107.58,35530,0
46.246.13.68,20261,1
213.189.217.213,28455,0
138.68.218.211,19029,0
82.69.29.158,11603,1
77.39.233.244,25777,1
153.232.237.53,32851,0
103.209.197.91,27541,0
24.238.48.11,28869,2
130.0.219.202,33924,0
84.3.101.199,32239,0
78.60.216.122,37840,1
87.163.124.138,30302,2
92.114.220.54,24071,1
86.142.151.226,24605,1
46.36.40.8,25348,0
205.206.80.51,24905,1
116.240.215.53,30103,0
75.174.74.224,21414,1
77.99.253.14,37697,1
90.151.151.35,22770,2
2.103.148.171,28371,0
185.231.69.64,22531,0
185.154.15.233,26190,1
139.144.60.215,26050,1
62.30.175.101,22222,1
71.85.177.6,13982,2
172.195.2.113,31501,0
145.239.85.30,41743,1
185.185.40.177,30304,2
71.11.39.255,4567,0
64.22.20.57,12535,1
175.35.88.5,32714,2
66.235.8.176,12345,1
93.196.6.30,29373,1
134.19.56.5,16014,1
150.9.111.55,30510,1
151.240.221.85,14674,2
130.245.42.153,26511,1
84.50.52.87,23265,1
86.125.201.103,1338,2
72.81.243.219,18797,1
5.164.202.102,12050,2
45.82.122.212,18515,1
109.193.35.180,13057,1
27.109.214.210,21945,2
193.25.5.81,25185,0
5.9.6.21,20626,1
43.155.158.245,11030,2
31.126.92.194,20340,1
70.30.101.16,22395,0
212.118.55.127,27829,2
80.78.25.22,27225,2
147.135.38.188,9272,2
37.112.39.27,18027,2
198.167.220.87,31841,1
58.96.94.124,22944,1
86.105.43.44,26286,2
205.210.140.120,12338,1
93.103.24.10,29058,1
176.122.1.120,23154,1
5.255.102.164,24590,2
143.255.100.139,17240,0
78.3.62.121,24869,1
124.169.132.14,28881,0
217.104.16.35,34546,0
46.249.16.172,24707,1
94.181.205.45,9975,2
46.5.124.6,16335,1
67.213.101.192,22955,2
92.242.1.130,14117,1
114.32.16.28,25997,0
196.250.195.107,24709,1
24.133.220.137,9655,2
82.41.40.26,20046,2
157.211.119.69,30243,2
77.49.86.151,32599,1
121.44.90.206,35403,1
96.248.100.102,15430,2
107.189.29.146,28879,1
23.137.248.169,36473,2
2.176.209.23,16239,0
23.137.249.65,16058,2
184.175.52.185,12457,1
91.182.120.156,36109,0
73.36.65.41,9159,0
92.25.28.44,32768,1
2.176.34.87,10080,1
45.155.121.184,7491,2
103.254.14.3,10530,1
114.76.16.192,23154,0
24.134.72.157,25679,1
109.146.43.25,38673,2
212.24.99.108,26199,1
86.5.1.53,31763,0
185.156.172.59,21732,2
81.101.239.247,16593,1
158.51.124.122,26392,2
88.136.145.109,39685,1
23.122.200.162,17172,0
2.190.81.238,20630,1
172.115.40.103,13226,1
69.61.38.210,23979,2
80.103.177.97,24876,0
77.103.139.123,17874,0
174.1.53.174,24392,1
109.121.51.29,9463,2
158.69.95.220,17250,1
82.30.185.143,26421,0
24.72.31.53,29592,2
94.241.17.31,14653,1
108.61.189.74,30348,2
107.172.29.106,22796,1
109.157.196.24,31879,1
92.124.137.126,12015,2
89.243.40.184,18161,1
69.130.165.152,9936,1
184.144.48.141,17264,2
5.128.32.193,24157,1
83.10.225.4,23154,0
84.71.41.102,34496,1
95.165.153.55,13457,1
184.155.240.208,14074,1
146.70.158.69,41235,2
2.100.77.186,30239,1
64.130.152.65,18528,2
172.94.40.13,12345,1
122.47.209.149,37870,1
100.10.66.81,34953,0
185.130.46.35,27267,1
68.174.30.22,15799,1
89.245.221.247,16619,0
84.179.204.74,26934,1
135.181.157.184,17000,2
5.55.49.1,34982,1
2.191.21.14,10516,1
75.111.168.159,36239,0
80.57.24.86,32445,2
88.198.199.23,9164,1
198.27.183.249,28405,1
76.8.171.21,31701,0
91.155.237.181,23189,1
2.177.203.228,27283,1
151.242.245.0,13402,2
1.159.78.99,23154,1
37.252.13.100,14757,2
174.85.78.129,39684,0
80.95.68.62,32800,1
95.216.243.224,23250,1
73.15.34.226,10432,2
94.208.34.51,33507,1
5.74.215.100,23181,2
68.113.189.69,19443,2
66.228.48.240,7224,2
24.42.21.87,20859,1
85.227.197.55,35110,0
37.120.152.234,42142,2
45.83.89.154,16686,1
185.5.249.91,17425,2
24.92.127.141,27573,1
104.238.221.249,19255,2
5.255.112.208,63636,1
2.191.228.219,29880,1
37.46.129.30,4567,2
70.51.163.236,24816,1
73.92.236.221,22370,1
70.163.174.254,11592,2
198.98.53.53,38452,2
92.185.124.169,13330,2
24.72.85.111,58162,2
80.193.34.176,16727,1
31.185.56.23,18898,2
181.228.133.84,36357,1
81.7.18.46,16799,1
99.248.149.81,31782,1
62.214.255.244,29520,2
144.76.37.144,30377,1
188.68.38.76,13142,1
37.194.168.90,10077,2
81.141.109.223,23075,1
185.56.43.94,23154,0
83.42.3.126,25104,0
71.187.76.214,21973,1
77.83.90.231,35116,0
95.217.12.128,17352,1
89.219.96.216,15807,2
85.65.237.196,33318,1
99.104.65.152,33848,1
5.238.162.156,21732,0
24.157.152.63,27024,1
77.246.103.252,28805,2
192.0.154.226,19407,0
152.231.139.157,22890,2
208.101.95.238,12921,0
81.23.200.220,32995,1
176.123.10.31,13777,2
91.122.226.236,19167,0
107.189.11.154,29267,1
80.111.109.159,15750,1
79.120.41.100,12289,2
123.1.62.203,22718,1
5.253.16.218,30193,1
91.185.139.200,14249,2
172.104.13.71,17848,1
176.38.197.67,12176,1
67.43.239.177,16584,2
101.173.221.121,23154,1
101.188.81.211,23154,0
85.23.10.14,33746,1
99.253.241.39,15251,2
64.176.40.21,19746,1
97.109.169.47,29362,1
84.61.66.182,21604,2
89.116.220.117,27662,1
170.39.215.215,20857,0
47.36.134.198,27442,1
131.100.39.160,27511,0
90.112.138.99,23154,1
80.119.67.73,18048,1
70.117.227.23,27832,1
75.191.204.66,4567,2
31.24.20.68,23154,1
5.167.208.237,23154,0
45.78.129.145,23867,1
84.167.137.230,16829,1
109.107.177.54,13151,2
92.189.12.165,22049,1
62.178.137.12,30097,1
185.156.179.199,9512,0
176.205.178.104,21337,1
84.236.85.82,23154,1
96.126.98.194,20875,2
185.220.103.35,19531,2
77.232.154.214,29357,2
81.166.150.6,27640,0
5.196.104.144,30764,2
106.70.58.24,34567,1
83.21.158.30,19161,2
90.58.192.108,11196,1
45.55.140.176,12191,2
5.61.61.245,20120,1
89.188.111.237,17837,0
129.80.125.138,28615,2
124.187.109.211,38598,1
213.169.148.116,44570,2
209.159.148.189,21963,1
212.193.56.47,24939,1
2.185.158.113,26981,2
58.161.103.32,23154,1
82.36.53.20,36950,0
101.98.48.144,38877,1
185.165.169.234,10738,2
173.80.114.152,16301,2
94.17.132.136,37028,0
176.102.65.98,6547,2
66.172.249.228,29123,0
46.212.192.181,13924,2
178.254.32.235,24900,1
104.238.187.196,22611,2
35.142.222.141,23023,1
198.23.221.33,16187,2
216.197.254.5,20357,1
93.89.134.9,33943,1
101.184.14.253,22951,0
47.154.56.219,33224,1
91.169.65.194,19360,1
83.29.53.158,22581,1
70.114.133.205,34355,1
218.252.198.43,12345,1
76.64.80.16,18235,2
174.112.155.99,23154,0
82.4.32.223,17890,1
121.3.193.188,38107,0
90.241.224.13,31404,1
73.247.186.217,30579,0
101.189.109.39,23154,0
5.236.179.26,16069,2
204.116.71.37,12201,1
219.102.114.220,24870,1
94.13.103.67,35961,2
95.188.67.160,26062,1
24.154.237.148,28737,2
95.165.24.112,27491,1
2.191.16.68,11660,1
87.121.52.176,42992,2
46.142.133.143,22384,1
88.99.92.235,11139,1
94.103.80.25,27329,2
92.239.42.251,20383,1
170.75.160.203,14138,2
83.42.115.160,27980,1
90.139.90.84,12099,0
2.191.17.183,14624,1
46.210.13.58,25379,0
78.49.82.249,9667,1
96.69.176.82,27776,1
193.233.233.178,17499,2
73.84.128.179,29754,2
86.103.140.79,24006,1
188.36.222.24,11043,2
5.238.247.28,29529,2
81.110.156.209,23154,0
90.205.30.85,30986,0
14.11.39.64,54098,1
82.66.105.189,23504,1
24.183.75.154,15636,2
197.234.8.230,30569,0
185.246.189.29,29628,2
80.128.182.145,25203,1
91.176.61.56,18776,2
86.168.233.172,28386,0
5.253.16.216,27486,1
15.204.174.211,14240,2
217.138.205.190,23355,2
89.248.255.107,55430,1
73.22.10.198,39541,1
192.248.182.81,14899,2
149.28.246.35,3545,2
82.153.138.182,20596,2
178.129.189.219,12098,2
124.171.76.10,32619,0
62.195.153.50,37134,1
124.189.157.56,20776,0
184.64.180.228,24190,1
14.201.47.139,23780,2
203.129.56.222,26011,1
190.22.164.131,26749,2
213.44.251.199,30572,1
163.182.219.106,9448,1
181.52.16.221,11894,0
67.71.181.100,19903,0
213.47.62.2,22805,0
152.172.49.126,11414,1
68.184.250.25,23154,0
90.64.129.212,35159,0
203.132.89.103,21935,1
151.242.91.119,17029,2
197.48.166.27,23154,1
68.183.130.142,20995,2
94.244.104.53,24682,2
50.40.117.97,23974,1
212.24.97.123,10438,1
74.134.158.68,37977,1
195.181.11.146,26862,2
47.189.235.210,22806,0
181.42.151.188,38032,1
197.90.38.197,35097,0
194.68.170.61,50799,1
176.158.161.53,28802,0
24.76.116.46,14652,2
5.182.39.199,23666,1
178.71.195.70,20705,1
103.20.223.168,27330,0
139.193.89.7,18372,1
67.180.243.211,25464,2
82.12.72.231,34269,1
2.177.214.19,26663,1
87.171.113.123,11047,0
85.27.61.88,33879,0
14.202.1.105,30341,0
173.31.134.218,18722,2
100.10.9.198,12128,1
45.83.205.6,27280,2
5.253.16.35,30231,0
194.28.226.22,24767,2
31.223.18.103,37057,1
98.35.197.111,21146,1
103.14.26.29,42142,2
46.9.107.51,23791,1
92.223.65.188,13606,2
95.183.113.89,9248,1
81.183.158.218,36090,1
2.178.221.134,14878,2
3.254.50.184,22752,1
185.195.191.154,21018,0
103.175.16.53,11028,1
162.156.11.225,24056,0
85.172.10.53,55255,2
173.255.205.142,20782,2
162.234.148.89,17492,1
84.249.26.16,18707,1
89.142.1.206,32344,1
89.10.228.244,19401,1
126.78.237.189,33410,1
147.32.115.225,24734,1
141.11.92.78,28491,2
51.81.139.248,19548,1
24.100.8.56,19890,2
70.172.71.244,16148,1
160.3.218.231,11886,1
91.219.237.131,15447,1
3.1.69.26,12059,2
83.68.236.218,24744,1
57.128.96.114,24123,2
159.196.109.206,32059,1
173.175.15.19,20600,2
93.95.229.229,15814,1
178.23.226.113,25576,1
81.227.159.219,21137,0
152.169.184.152,9823,2
174.138.210.138,36234,1
76.115.138.44,19370,1
5.8.209.130,17258,2
85.192.162.88,7001,1
78.31.74.236,15678,2
37.120.222.99,17022,2
193.237.203.133,38065,0
2.178.28.68,25442,2
46.100.23.175,19048,2
213.232.112.159,18289,2
91.202.5.145,32969,2
83.28.45.127,15954,2
159.196.73.121,50001,1
2.191.153.20,10078,1
2.61.244.43,12154,2
82.1.25.50,23440,0
197.211.244.77,29314,1
188.247.105.75,23154,1
5.181.234.134,61907,2
2.191.201.168,10126,1
151.177.180.86,23154,0
84.140.141.52,19074,1
5.35.33.238,10161,2
95.203.231.36,30135,1
93.136.165.207,23643,0
86.165.216.136,33713,1
173.255.30.77,21576,1
78.157.162.84,28724,1
213.152.162.5,7596,1
189.141.115.251,9923,2
162.156.49.247,23154,1
91.132.222.110,7777,1
79.216.96.31,25360,1
138.130.34.107,23154,0
2.190.108.150,29609,1
78.56.247.31,27841,1
142.179.161.163,25757,0
198.203.28.43,21725,1
85.243.86.18,32497,0
201.146.145.122,28888,2
77.250.67.234,23154,1
2.177.174.100,16396,1
73.12.237.95,11154,2
129.213.91.164,18206,1
5.74.194.167,10936,2
87.123.151.23,26622,1
85.218.238.132,23828,1
60.234.213.91,20033,1
14.225.213.52,9619,2
152.208.17.47,11472,0
101.32.218.220,23624,1
52.45.178.60,26042,1
102.130.222.225,23549,2
89.103.21.50,18860,1
217.96.170.244,10058,2
149.102.41.170,32537,1
93.231.114.154,14099,0
176.104.17.21,38320,1
31.57.87.127,24820,2
188.19.201.95,33924,1
46.100.166.16,23281,2
98.164.29.134,23154,1
172.220.149.140,15476,2
81.132.83.173,23154,0
142.171.139.244,13846,2
37.221.113.49,15577,2
89.221.222.62,58293,2
74.12.115.101,23154,0
23.252.1.89,12078,2
84.250.128.235,20729,2
211.135.27.157,24432,1
5.252.23.162,27162,1
168.182.181.155,13066,2
95.179.190.18,14400,1
92.7.66.30,29700,1
31.57.212.206,27712,2
91.147.213.202,28188,1
188.243.132.48,25564,1
90.197.177.39,23290,2
207.81.89.254,28854,1
89.88.226.143,30225,2
91.160.186.88,14238,1
89.164.18.139,33330,1
31.56.90.121,14915,2
70.70.220.209,39538,1
142.179.5.32,33556,1
82.8.16.141,33872,0
185.156.175.35,25080,0
5.35.103.92,28889,1
94.10.50.97,36861,1
69.87.220.206,23549,1
37.202.234.112,14597,2
85.229.50.170,28827,1
89.117.55.228,16717,2
64.176.226.211,30285,1
176.166.161.207,21724,0
31.46.179.124,23154,1
47.181.163.49,30390,0
151.240.156.151,26177,1
47.208.64.44,13824,0
92.63.208.81,9886,0
118.241.149.166,31053,0
85.138.178.107,10177,1
93.119.35.145,29719,2
151.240.178.142,15678,2
109.155.113.197,23154,0
129.151.80.52,26284,1
31.56.172.58,19012,2
198.167.211.227,24410,0
178.22.52.192,7083,2
86.164.58.215,24046,1
185.231.207.217,29896,2
5.239.143.3,15868,2
86.125.68.240,51324,2
74.102.31.196,23154,0
193.248.90.125,31855,1
62.249.138.86,10417,0
78.73.138.74,25082,1
219.75.72.248,25504,0
82.27.174.156,21448,0
136.49.85.15,20070,1
58.182.8.106,23154,0
2.233.127.54,23154,0
198.98.54.220,38338,2
64.72.43.18,31658,1
87.147.168.41,27407,1
73.106.99.81,10997,2
97.113.246.2,23494,2
185.199.225.66,10779,1
46.166.187.243,22053,2
77.68.144.64,23838,1
181.37.89.207,35607,0
101.185.220.139,34620,0
71.237.185.51,1382,1
98.124.43.110,24005,1
85.228.44.205,19213,2
221.118.234.64,65533,1
89.103.120.229,26332,1
86.11.68.231,23154,0
68.204.223.171,27864,0
99.251.46.199,22346,0
76.135.214.241,21762,1
65.109.226.231,12471,1
151.245.99.7,29961,2
50.123.69.26,26755,0
178.175.148.168,26413,2
62.194.43.168,39063,1
45.89.157.88,13813,2
167.114.108.157,10648,0
79.107.177.62,27603,1
99.233.130.229,30222,2
89.219.67.252,19469,2
83.254.191.156,23356,1
89.117.134.218,10812,1
2.191.20.224,26506,0
5.167.146.119,18522,1
124.190.82.54,21009,1
81.132.199.19,11634,2
79.142.69.160,7843,0
2.190.214.44,30746,1
82.66.216.38,30259,0
65.109.133.133,15335,2
95.84.8.254,11508,1
98.151.230.139,15230,2
176.192.188.64,16459,1
70.95.141.52,17820,1
162.218.65.219,9754,2
77.172.180.9,17451,1
96.248.52.250,36162,0
67.185.246.18,31652,0
68.106.203.91,24129,0
76.111.73.193,18204,1
93.118.170.65,21736,2
95.90.32.187,22343,1
195.134.100.20,65229,1
92.100.38.220,15327,2
67.231.32.95,33410,0
110.141.133.132,23154,1
50.82.105.228,18298,0
110.22.127.45,10613,1
128.0.129.165,14488,2
2.182.76.143,20741,2
173.183.147.77,18447,1
178.208.86.162,17106,1
185.72.80.151,18335,2
178.64.118.174,30242,1
47.204.214.219,28985,0
82.6.234.31,26421,1
68.9.47.1,19443,2
5.68.250.213,27072,0
125.237.55.55,21074,0
31.20.138.106,32340,0
159.65.2.51,27237,1
94.19.65.94,11973,2
144.21.56.33,15560,0
118.208.9.45,31781,1
82.25.4.102,10262,1
74.106.252.125,20033,2
151.244.23.150,15926,1
209.6.168.101,23154,0
2.190.32.178,24939,1
188.161.204.212,9498,2
90.29.243.195,11483,1
47.132.109.23,11918,2
109.226.83.50,23154,0
74.133.134.64,12327,2
73.129.235.59,4567,2
151.225.172.13,20534,2
71.7.214.126,30041,0
45.41.204.215,19541,1
98.211.130.162,36500,0
88.175.24.129,23246,0
91.125.36.8,30404,1
209.141.37.219,18617,0
185.87.192.153,22207,1
94.183.127.132,29198,2
2.190.152.147,12203,1
138.68.50.232,15623,2
95.145.121.199,23154,1
68.129.125.179,38126,2
93.96.64.162,23154,1
83.213.172.152,23154,1
45.136.230.61,21257,2
76.128.205.126,18393,1
81.105.146.10,24168,1
105.105.93.32,23154,0
1.140.224.222,25465,1
68.110.182.214,12104,2
172.218.2.54,11881,1
125.239.77.155,20375,1
50.24.22.78,10175,2
84.69.228.139,39299,1
45.243.82.193,22262,2
75.9.244.82,25114,1
73.92.128.241,12209,2
93.119.45.128,28727,2
103.73.66.184,13249,1
85.206.107.180,23154,0
218.102.159.153,24475,1
202.185.159.156,25357,2
2.176.85.120,22855,0
31.56.69.135,9696,1
192.227.234.229,49166,2
37.235.169.1,34571,1
94.67.117.245,34477,1
37.120.211.90,42142,2
2.190.139.240,30763,1
151.242.224.159,29840,2
31.56.11.98,26835,2
90.28.6.179,29669,1
208.103.143.9,11587,2
2.176.120.129,24178,1
45.128.153.181,21309,2
159.253.99.62,24964,1
185.95.219.83,45327,1
99.226.216.69,15938,1
198.84.123.171,26179,2
73.136.189.61,10686,1
137.74.150.60,25232,2
5.74.217.64,12015,1
138.2.4.228,17518,1
93.173.35.18,23154,0
64.253.87.228,13410,1
69.11.75.192,22553,0
146.59.197.114,9896,0
34.239.237.174,11170,1
178.49.40.68,33210,1
73.87.18.31,22444,2
174.164.179.57,35478,1
51.198.54.24,30406,1
51.15.54.182,28377,1
5.255.106.179,55302,2
71.246.254.190,33892,0
176.193.15.59,22061,1
62.163.162.157,12771,2
188.52.255.126,23154,1
76.26.184.38,30286,2
89.46.184.161,27277,1
23.137.249.86,15302,1
188.209.66.147,11326,2
185.233.202.54,7819,2
86.103.11.173,49231,1
24.191.94.33,10704,1
109.87.25.148,9322,2
211.26.210.161,38933,1
77.173.100.27,9351,1
181.23.108.43,20860,1
191.137.85.231,21360,2
77.248.123.181,23154,1
188.211.124.178,20538,2
185.236.108.204,19192,1
77.189.97.193,10101,1
76.131.223.182,32983,1
81.27.244.71,22745,2
131.226.2.44,11666,2
96.8.113.72,12553,1
38.22.130.254,29919,1
68.37.14.39,36372,1
188.77.142.5,9993,1
197.52.38.17,23154,1
24.14.219.188,19953,0
2.31.24.127,25916,2
168.70.82.171,27044,1
185.83.185.140,14534,2
88.150.0.151,23740,1
82.66.18.10,27046,1
31.56.155.16,16473,2
81.7.10.17,15801,1
213.188.228.217,35927,0
38.180.62.118,12250,1
89.247.94.115,21814,1
14.1.97.2,10524,2
90.220.52.115,22985,1
84.2.102.214,23154,0
75.190.139.60,29987,0
91.125.108.193,29167,1
103.253.26.19,27966,1
101.182.230.238,25244,2
122.148.196.128,26885,1
81.79.241.73,23154,1
69.130.166.12,19200,1
46.100.174.252,20316,2
90.174.222.185,21058,1
42.190.156.35,26073,1
93.84.13.123,23154,1
178.141.171.172,33770,1
23.91.255.41,22121,0
147.10.235.14,21088,1
121.109.178.185,39419,2
184.148.36.127,39078,1
64.136.144.106,10117,0
95.47.161.50,25777,2
213.10.97.12,23154,0
85.187.241.168,12069,2
107.6.27.151,21099,2
142.179.9.59,23154,1
84.2.206.238,21273,1
83.81.220.21,32953,0
2.190.76.11,15363,1
2.191.212.41,19329,1
86.178.25.128,27821,1
95.220.0.81,24049,1
75.164.13.226,9325,1
46.142.57.239,9739,1
2.190.68.253,20576,1
174.115.65.107,16524,0
5.238.173.101,15929,2
5.74.227.194,25847,1
89.143.55.184,27799,1
185.148.3.153,24041,1
174.119.210.39,23154,1
157.90.21.80,16088,2
77.249.250.196,34162,0
77.81.42.234,20583,2
62.113.245.76,18771,2
46.190.83.12,27603,1
139.180.212.226,23817,2
31.10.64.243,23154,1
174.31.120.247,24680,1
68.116.239.150,17341,2
5.103.134.91,23154,0
86.107.87.90,15087,2
80.210.128.80,18597,2
79.118.91.197,28679,1
109.234.38.100,9116,2
47.54.150.123,30257,1
75.134.104.170,24315,2
119.17.150.141,18614,1
174.114.218.248,21363,0
2.190.35.188,24171,1
178.130.77.219,22329,2
195.52.173.5,28212,0
106.68.0.198,26891,0
88.19.60.75,27204,1
47.199.27.114,16979,2
108.248.85.199,26858,1
195.52.144.219,12795,1
193.169.53.222,21157,0
90.213.57.123,23154,0
5.228.22.15,22729,1
172.98.52.129,38541,1
95.255.213.144,10149,2
124.190.58.142,23154,1
186.55.144.77,19101,0
151.242.218.162,16566,2
86.104.87.241,11062,2
188.42.216.83,18474,1
37.120.193.218,42142,2
36.37.69.163,29962,2
2.177.4.173,10954,1
77.3.72.155,26965,1
136.228.88.197,16973,0
68.202.96.151,11817,2
74.47.101.97,30495,1
75.157.137.251,37162,1
66.67.103.37,9625,2
77.51.198.132,8726,2
178.80.174.185,23154,0
188.210.166.119,14517,1
101.176.99.41,11317,2
5.236.177.187,25290,1
185.4.16.86,15538,1
99.250.214.228,33665,0
46.69.68.189,23154,1
46.23.89.22,14943,2
112.141.181.184,28167,1
95.31.23.9,17902,1
86.220.198.239,4444,0
213.45.245.60,32320,1
213.245.26.226,33528,1
124.188.155.208,11880,0
194.193.171.149,23154,1
104.157.94.33,27213,1
95.150.230.20,32149,1
92.150.30.85,13471,0
217.235.21.65,27801,1
49.176.225.142,36656,0
176.193.37.195,21215,0
223.25.71.220,27953,0
89.46.190.177,14603,2
174.180.149.233,30122,1
190.247.139.161,25746,2
46.164.55.227,24783,1
93.93.35.197,21230,1
74.99.165.147,12021,1
185.202.57.151,13301,2
86.6.126.55,22694,1
68.84.197.249,18130,0
45.77.71.22,9771,0
178.25.243.201,20703,1
83.81.245.56,12420,1
5.181.25.98,25083,0
87.141.47.85,14155,1
188.210.125.117,15158,2
81.103.75.65,24610,1
77.182.135.146,24825,2
83.34.240.97,10623,1
2.182.162.125,10078,2
45.124.86.90,22121,1
174.166.192.123,30401,1
147.147.136.239,11841,2
82.26.254.247,23154,1
139.135.57.113,23154,0
75.130.130.123,16444,2
5.3.126.148,12240,1
98.176.78.160,23154,1
24.127.181.124,23154,1
23.93.38.188,25578,1
126.77.146.211,23216,1
181.228.108.56,23154,1
92.149.161.95,8902,1
143.176.82.47,24008,0
162.220.253.11,13661,2
176.154.156.253,20382,2
76.158.150.82,18634,1
91.234.199.142,50901,2
176.186.88.225,24006,1
208.38.231.153,13092,2
2.190.14.51,14288,1
78.39.145.26,19972,2
81.204.215.42,21954,1
74.137.181.93,19501,2
75.236.154.192,36212,0
38.23.4.221,12928,1
89.219.70.220,29719,2
2.190.25.155,12075,1
81.234.37.37,33187,0
83.10.136.55,9546,1
93.190.177.116,9903,1
45.79.218.183,24791,1
195.133.199.4,4567,2
188.167.106.47,52942,1
65.21.84.211,13801,2
49.12.35.48,15031,2
151.242.108.90,30298,0
31.56.144.249,26669,2
125.243.240.6,25948,0
62.112.9.92,18349,2
2.191.3.149,14072,1
212.114.52.109,49683,2
71.227.222.147,23246,0
179.43.154.37,24769,2
213.183.59.184,9779,2
78.18.214.5,14514,0
86.96.31.94,26448,1
185.132.42.239,16127,1
176.36.78.99,29247,1
172.105.179.211,16473,2
94.222.237.212,22192,1
195.154.204.42,42142,2
185.130.45.245,13978,1
188.82.96.5,25611,1
79.46.129.61,26012,0
90.77.49.81,35237,1
98.146.189.217,22260,2
96.55.133.21,24750,1
176.174.166.167,19719,0
185.65.229.159,23154,0
193.218.118.84,28861,1
79.97.156.165,27376,1
188.209.22.83,12472,2
2.177.62.48,11372,1
82.20.146.187,33419,0
178.80.1.212,32929,1
88.207.101.168,24320,0
104.33.255.142,36159,1
96.51.141.220,13817,1
148.63.155.27,35217,0
90.224.81.32,23154,1
169.150.41.137,23154,0
89.147.109.43,28012,2
82.29.138.255,12343,2
51.158.189.72,26836,2
45.76.87.203,18510,2
198.13.36.69,12566,1
65.48.150.39,30470,1
82.66.94.146,12060,0
84.69.247.235,23154,0
93.186.197.181,8778,1
151.234.9.35,12812,2
92.58.168.121,32094,1
82.45.210.116,26284,1
86.182.90.135,27824,0
109.157.74.100,30962,1
81.88.189.201,19841,2
184.146.66.206,21561,0
70.69.248.174,25925,1
2.176.15.117,28392,1
80.210.144.99,28967,2
67.175.189.74,26823,0
195.201.1.89,19827,1
73.79.248.174,12244,1
87.9.234.98,35992,1
88.132.69.189,17022,2
58.7.102.113,29948,1
206.194.252.8,32154,1
209.141.44.84,4632,2
96.37.125.252,16648,2
46.188.104.150,10220,0
188.141.114.246,9955,2
87.253.57.23,33638,2
72.201.131.47,30451,0
186.22.162.188,27488,1
94.174.0.22,20591,2
82.22.88.158,20827,1
186.106.231.66,9195,2
38.180.85.211,17351,2
116.203.88.205,20954,2
211.31.162.203,34094,1
76.178.124.183,16590,1
76.111.196.131,21143,0
2.190.178.41,26413,1
105.184.26.82,26583,1
50.92.144.142,9867,2
47.187.166.217,13453,1
86.250.237.154,33584,1
37.46.227.42,9000,2
108.17.52.178,23154,1
129.122.163.183,33692,1
73.247.110.116,37045,0
2.190.169.57,15019,1
73.195.193.117,9802,2
71.38.88.3,13795,1
51.241.3.167,21304,1
198.58.101.147,30499,1
70.92.178.6,20742,2
88.73.104.100,21964,1
136.24.103.29,21826,0
5.227.190.152,16549,0
45.89.55.82,9939,1
66.243.238.123,24217,0
94.232.66.239,18942,0
99.251.229.51,23750,1
61.238.21.46,23154,1
5.239.79.224,13671,2
84.211.244.253,30194,0
92.8.237.124,39098,0
31.56.197.149,30107,2
67.6.13.54,9407,2
85.66.126.89,14548,1
104.157.203.37,10754,2
93.94.147.180,28372,2
2.177.76.210,26153,1
172.11.39.79,23973,1
185.215.228.115,18124,2
89.0.116.220,30821,1
193.108.113.59,25827,2
82.4.159.184,27655,2
45.136.230.71,25755,2
89.219.222.86,27939,2
151.240.217.120,24767,0
92.117.51.97,21291,1
73.225.62.105,12589,2
2.178.153.7,29188,2
2.190.203.218,13354,1
203.220.72.18,23154,2
107.159.43.105,23544,1
188.211.81.128,11989,2
90.189.172.165,42350,2
2.191.156.91,12449,1
80.210.173.108,18961,2
2.190.155.26,10261,1
5.45.109.122,13608,0
187.153.222.111,9345,2
2.191.116.21,23507,1
73.148.167.35,19893,1
151.242.166.198,22466,2
178.148.138.64,23154,1
92.60.38.166,9200,0
49.2.122.53,27761,1
74.12.141.83,13488,1
178.208.88.170,22740,1
185.112.144.231,20419,2
71.60.82.58,29597,0
5.199.200.5,10366,1
5.74.72.121,30606,2
185.162.251.141,57657,1
93.190.202.83,24461,1
178.62.209.6,17414,1
109.75.192.91,4567,2
31.151.56.111,38273,0
2.176.224.166,16239,1
72.195.130.54,11127,0
5.181.20.208,20555,2
2.177.26.77,12270,1
173.238.244.154,24698,0
91.238.45.156,23154,1
31.10.41.174,11195,0
78.37.248.109,26188,1
77.249.228.15,16190,0
178.141.102.215,28601,1
151.235.31.233,10904,2
85.214.123.130,22521,2
5.239.31.0,18673,0
91.123.24.251,26145,1
88.174.204.145,23154,1
188.209.37.243,14738,2
94.19.7.55,28616,1
2.177.211.76,26663,1
79.222.115.176,30235,1
2.176.12.16,14244,1
68.36.64.143,10870,2
73.87.235.188,18418,1
2.7.31.90,23154,1
174.119.98.130,25730,0
83.212.72.78,13685,1
186.107.89.255,23154,0
81.249.146.180,25157,1
89.212.41.205,13373,2
192.227.193.199,12162,2
109.202.205.199,57162,1
89.219.98.202,28995,2
94.9.230.252,23154,1
5.62.186.58,29623,2
198.167.209.187,30678,0
95.82.237.200,18647,1
79.253.249.16,23424,1
50.26.157.87,12033,2
213.181.95.206,23154,1
76.180.37.133,10826,2
138.2.163.19,18389,1
80.191.16.228,10360,2
83.115.197.38,26100,1
95.165.156.213,5284,2
90.51.102.90,23154,1
2.176.247.225,29162,1
173.33.182.124,11288,2
5.74.158.21,21294,2
47.199.82.248,9881,0
86.171.3.136,17369,0
173.218.171.173,10932,2
72.243.180.167,22449,0
201.199.94.47,16066,0
179.219.5.157,10927,2
190.162.211.111,28192,1
146.212.189.129,38932,1
91.154.11.182,10061,1
124.183.67.108,38724,1
2.177.232.231,23410,1
203.137.122.158,10321,2
188.211.116.83,27947,2
172.101.200.228,11068,1
130.61.16.129,6223,2
77.169.65.156,17395,2
86.228.204.74,9672,1
81.7.11.241,29609,1
73.41.250.248,28518,2
202.184.238.120,29968,0
134.16.78.198,30067,2
31.150.253.208,17450,1
2.176.92.160,30388,1
201.138.60.132,12345,1
71.127.203.201,11446,1
78.19.183.240,11980,2
5.78.83.43,13373,1
176.27.98.49,12286,1
109.157.12.44,37017,0
174.164.47.41,25675,1
122.104.136.222,29495,1
174.67.40.198,15799,2
99.233.10.90,10001,2
73.174.253.145,11543,2
2.178.141.235,23973,2
98.164.81.4,23154,1
93.39.189.176,23154,1
66.85.30.170,15369,2
95.157.52.204,10000,0
89.116.227.253,23570,2
110.146.227.253,38325,0
87.150.26.41,11744,2
212.71.237.136,13264,2
68.83.205.167,23154,1
185.243.218.17,26570,1
188.226.91.15,17598,2
79.97.229.5,35937,1
95.220.28.203,21496,2
186.53.249.25,29979,2
45.222.7.108,23154,1
14.202.38.240,30164,1
91.92.187.98,17504,0
81.102.112.248,23154,1
79.168.97.183,31865,1
86.107.155.96,25897,2
99.251.128.236,17460,0
89.240.70.241,22759,1
98.42.142.163,23154,1
46.39.245.110,29889,1
84.60.189.105,13633,1
95.220.124.21,9356,2
95.79.50.60,31915,1
155.93.152.83,26324,1
46.159.108.156,19155,2
5.74.190.140,10014,2
5.228.42.179,9434,2
2.190.186.23,25190,0
73.70.71.218,29101,1
2.177.38.181,25557,1
83.71.19.223,39954,1
176.40.59.84,10544,2
102.188.191.189,23154,1
176.9.103.13,23154,1
24.8.2.235,10694,2
193.238.237.74,15511,1
71.182.130.121,34149,1
139.59.20.27,14719,2
2.177.27.163,20810,1
69.61.12.120,28877,1
89.126.30.42,30147,0
46.12.109.146,23154,1
78.72.205.238,23154,0
90.206.71.119,36535,1
58.105.54.101,28280,2
50.123.70.80,20266,2
86.152.63.186,23154,1
23.82.137.21,42142,2
161.97.171.200,52911,0
87.219.12.18,33106,1
151.245.96.234,27478,2
97.82.108.18,14244,0
2.191.144.230,22773,1
94.250.248.127,28845,1
2.178.11.41,16350,2
206.248.144.221,19171,0
2.176.200.89,21496,1
83.81.107.157,23154,1
93.95.227.108,18239,1
217.218.61.123,28727,2
159.69.153.93,18069,1
83.115.173.147,48435,0
68.150.211.19,36732,1
78.129.140.64,42142,2
71.231.119.145,18810,1
46.159.164.213,12101,2
45.63.3.214,25557,2
49.3.47.37,36682,2
80.64.170.143,17414,0
96.235.138.154,20727,0
96.242.55.133,14166,1
47.224.232.110,37298,1
2.176.109.170,19738,1
185.236.203.236,19926,2
142.180.160.119,23154,1
77.248.68.132,29050,0
187.202.122.228,15034,2
212.232.37.124,27464,2
87.105.138.179,10529,1
178.141.161.128,24703,0
46.22.24.121,26587,1
174.86.227.6,24355,1
77.58.102.196,16879,1
70.53.249.121,18077,2
31.126.9.8,15310,1
51.75.63.239,21732,2
188.243.196.62,19622,2
45.55.162.231,18632,1
106.163.251.171,23154,0
147.219.56.201,17308,0
31.15.193.182,23154,1
177.54.145.67,42142,2
145.239.84.94,15243,1
23.137.251.4,21823,2
93.212.125.205,10236,1
2.82.251.151,27162,2
73.75.163.218,38313,0
217.63.202.169,18449,0
217.174.176.98,37846,2
91.17.69.191,27801,0
51.68.231.5,4567,2
161.97.95.129,12048,1
69.157.63.208,35711,1
73.158.2.133,9779,2
58.160.94.155,38350,1
71.30.226.9,11349,2
85.239.244.9,16473,2
79.228.210.113,21337,1
220.235.167.108,29948,1
31.124.81.221,15060,2
81.193.165.160,18937,1
176.135.23.82,33915,0
216.154.22.55,22116,2
72.53.97.188,9709,1
185.247.226.61,21700,2
73.239.5.180,10106,2
66.74.194.128,18416,2
14.232.252.126,23043,0
217.252.44.88,25820,1
189.5.123.203,23236,2
86.139.78.82,23154,0
74.96.173.221,22229,1
77.49.180.69,23154,1
207.192.70.250,22655,2
64.52.130.30,23231,1
74.193.164.215,4567,2
88.88.225.14,24597,0
75.155.52.192,14271,2
97.120.184.34,12916,2
92.176.63.56,11125,2
23.137.250.198,19584,1
151.245.116.244,9501,2
81.129.2.54,20103,1
86.134.123.38,33547,1
46.176.166.192,34982,0
110.147.141.112,28697,1
178.124.173.186,15254,1
98.244.36.46,23154,1
96.20.248.195,23154,0
216.249.90.50,25265,2
184.56.198.182,9808,0
173.249.201.170,24428,2
184.75.221.35,17211,0
172.245.99.10,17304,1
31.44.0.55,15453,1
85.56.1.40,11742,2
89.147.109.195,31921,1
186.132.207.212,27183,1
74.128.218.21,20098,0
115.188.28.100,37770,1
76.186.153.93,23501,1
216.16.40.53,17215,2
2.176.76.208,21652,1
179.13.162.165,15011,2
134.93.64.109,29451,1
50.68.169.210,23154,0
95.90.47.65,49348,0
24.134.92.137,41447,1
71.90.162.78,48418,1
88.130.29.59,27692,0
99.231.46.211,34460,1
82.26.216.182,30487,0
184.88.76.27,25091,1
24.212.163.163,23154,0
96.41.108.169,23154,1
66.173.127.248,18915,1
83.59.143.143,30989,0
24.15.105.234,19267,1
73.215.235.191,23154,0
101.191.232.18,22365,0
50.125.59.82,26755,1
194.5.98.39,4667,2
94.229.102.114,40587,0
71.200.128.185,61432,1
73.250.176.206,20679,1
194.5.249.221,29176,2
73.247.157.253,25261,1
35.137.205.142,38298,0
173.89.6.49,12184,1
76.84.75.50,29557,0
217.136.23.39,22707,1
194.193.134.153,20119,0
82.64.111.168,23154,0
124.197.56.32,39117,0
94.8.221.14,23154,1
136.244.103.204,18406,2
120.149.67.158,23865,1
94.0.165.28,16090,0
174.59.108.109,36140,1
131.226.61.9,23154,1
72.140.111.12,30532,1
198.98.48.33,9438,0
81.197.140.22,24863,1
161.29.219.53,25124,0
37.195.176.183,22930,1
73.76.123.75,11299,1
82.154.118.177,12036,2
85.204.74.11,13412,2
99.117.76.54,38002,1
24.122.22.93,20624,1
174.176.85.111,12281,1
82.65.4.159,15803,0
75.172.36.16,25122,1
94.132.238.226,23782,1
73.180.46.45,23241,0
193.111.210.27,10591,1
82.35.183.95,10883,1
71.95.68.245,35226,1
178.251.13.140,29800,0
144.76.166.60,12345,1
185.40.199.126,16929,1
100.19.12.58,11152,2
5.74.111.51,26571,1
161.82.88.231,22215,2
119.230.224.46,9812,1
73.59.209.93,10488,1
77.82.163.139,15928,1
93.212.149.221,31337,2
85.74.118.34,23180,1
173.252.30.177,11670,2
71.105.55.118,21348,1
58.169.68.235,22014,1
5.34.181.8,20099,2
79.224.116.94,30708,0
2.177.64.54,21752,1
2.191.103.230,27182,1
86.176.96.56,20162,0
80.109.1.78,13374,0
47.215.229.132,30332,0
24.22.70.235,33630,1
66.222.160.187,11598,2
193.181.35.100,36117,1
91.40.171.174,17261,1
125.237.176.226,38591,1
98.62.19.31,4567,2
82.153.138.58,27508,1
144.6.168.168,18664,1
2.176.93.20,15395,1
121.121.80.81,27893,0
83.4.81.157,23154,1
175.145.229.100,28138,1
31.181.100.80,11494,2
95.217.38.243,20856,1
45.133.125.197,48931,1
66.183.18.231,37250,1
51.210.121.162,30304,2
178.175.134.65,42142,2
5.74.142.86,16602,2
82.168.71.73,23154,1
139.168.174.209,25104,1
24.85.232.131,10331,2
2.204.31.226,27791,1
110.174.91.250,12784,2
50.4.184.40,23154,1
66.91.41.64,23154,0
172.115.110.203,20860,2
91.150.120.222,20954,2
68.9.193.189,28422,1
87.74.129.161,34524,1
167.248.191.69,21222,0
31.56.227.43,21189,1
96.248.80.228,23154,0
74.78.210.131,30044,1
186.132.178.37,10188,1
15.204.173.32,7443,2
217.138.220.242,42142,2
178.251.13.89,29800,1
192.82.18.152,12211,1
83.58.145.216,28999,1
74.14.140.140,19552,2
182.239.154.85,28609,1
217.250.172.30,52348,1
61.68.67.16,36886,1
46.43.201.86,11642,0
93.70.178.110,24509,1
85.3.245.238,26195,0
151.224.68.48,38410,0
98.60.74.166,23154,1
2.176.101.1,11793,1
77.255.19.33,16151,2
73.26.190.77,23154,1
2.191.37.130,22260,1
130.44.103.133,9867,2
209.141.36.75,20087,2
80.29.58.74,37921,1
62.195.33.245,23154,1
190.88.19.30,29468,1
170.75.173.229,12719,2
77.82.246.229,14563,2
5.182.226.192,13976,1
112.120.139.136,23057,0
222.153.189.67,21747,0
144.208.200.119,22074,1
178.27.237.96,17243,0
72.23.206.168,17607,2
120.156.50.99,21243,1
174.119.214.90,12916,2
2.176.170.149,18594,1
81.135.200.41,19170,2
37.112.37.139,18027,2
197.89.85.140,34225,0
74.196.117.81,25569,0
178.211.168.70,24220,1
151.245.119.18,29961,2
149.241.196.2,30039,1
84.175.2.178,63191,2
68.103.133.125,17475,2
95.216.226.215,25626,1
67.204.237.167,13972,2
87.75.54.40,23154,0
50.5.4.138,20029,2
89.208.104.124,19880,2
59.11.10.160,18985,2
2.182.73.212,22944,2
72.83.48.66,10566,0
69.114.67.214,9430,2
173.254.161.28,17612,2
141.98.102.235,26981,0
86.20.250.159,19727,0
174.54.110.166,20292,2
121.217.74.204,18615,2
31.208.227.20,16002,2
74.130.85.43,13788,2
173.77.172.34,29118,2
85.204.116.139,15027,1
188.211.117.95,17341,2
102.42.72.24,23154,1
46.246.7.42,20571,0
124.182.3.223,23154,1
105.156.44.200,10668,0
85.241.26.52,23154,0
94.8.222.169,23193,2
210.50.221.244,23512,1
122.107.223.37,37585,1
75.131.107.118,9420,2
37.187.73.116,18925,1
91.77.169.229,5116,1
206.42.30.77,24239,1
94.60.211.56,25357,0
82.11.112.220,23659,0
67.187.77.0,23154,1
73.243.203.40,30473,0
87.81.82.132,11637,1
109.255.202.136,31504,0
68.190.112.137,21086,1
178.248.249.172,10848,1
185.39.206.108,13151,2
93.237.160.122,17077,2
193.31.25.70,14567,2
81.169.215.140,12889,2
185.53.130.113,21914,0
45.72.223.175,20851,1
71.231.38.242,23154,1
104.158.16.121,36565,0
176.212.67.197,17164,0
112.213.190.7,25556,0
84.24.191.60,28993,1
45.37.198.204,10315,1
92.27.150.47,23455,2
50.72.160.169,23154,0
68.84.92.183,10880,1
195.228.91.247,22035,1
73.134.177.223,11948,2
24.8.221.59,31066,1
83.86.8.206,23154,1
70.51.68.10,35947,0
31.150.235.179,17450,1
81.34.44.182,20853,1
111.220.144.154,21095,1
62.166.168.38,30029,0
71.115.151.188,23143,1
88.231.127.52,14729,1
71.224.179.24,25771,2
173.23.27.53,20053,2
62.133.53.133,12345,0
196.50.197.68,39970,1
68.34.75.210,29838,2
94.67.112.138,34477,0
141.148.242.189,16550,1
175.145.12.116,20813,0
62.195.33.245,23154,1
101.190.66.183,23154,0
122.104.136.222,29495,1
81.135.200.41,19170,1
95.165.24.112,27491,2
84.139.1.85,4567,2
138.75.252.201,25464,0
110.147.141.112,28697,0
95.179.190.18,14400,1
73.24.29.49,28080,2
78.105.117.181,37947,1
89.75.39.155,45875,1
46.39.245.110,29889,0
70.175.34.208,11193,1
58.107.204.238,19263,0
81.103.75.65,24610,0
110.146.227.253,38325,1
75.222.154.135,35836,0
79.216.96.31,25360,1
190.161.2.225,17215,2
24.76.116.46,14652,1
94.103.80.251,15014,2
47.215.4.52,12362,2
86.11.169.22,28618,1
45.51.234.209,30374,2
5.100.121.165,18916,1
125.168.112.82,23154,1
90.202.28.72,39316,1
202.65.64.162,20214,1
91.92.109.125,23249,2
184.148.36.127,39078,0
54.249.242.207,12606,1
97.70.108.50,17210,1
46.11.25.100,32095,0
65.184.213.52,25887,1
179.113.122.215,27830,0
188.155.8.73,29559,0
107.189.11.154,29267,2
66.172.249.228,29123,1
72.140.192.82,29942,1
72.208.126.116,20242,1
92.5.222.164,21962,1
45.76.236.74,12344,1
217.133.59.137,64146,1
98.188.182.92,27651,0
43.155.136.61,12994,1
115.70.243.115,23295,1
91.193.180.104,29436,0
24.202.237.109,28700,0
2.190.178.41,26413,1
2.190.203.218,13354,1
89.17.139.72,36101,0
1.140.224.222,25465,1
195.133.13.49,4567,2
86.142.151.226,24605,1
216.66.131.141,23154,1
81.129.2.54,20103,1
172.220.1.246,10871,2
76.154.93.133,34332,1
62.210.228.196,33326,0
46.28.110.226,8445,1
178.129.203.255,23154,0
178.69.180.197,30520,1
207.246.76.103,25498,0
91.121.222.226,28913,0
190.20.90.35,10432,2
102.140.221.127,35177,1
91.193.181.75,27610,1
89.147.109.195,31921,1
81.7.18.46,16799,1
75.174.236.51,37299,1
68.112.109.64,30873,1
194.193.171.149,23154,0
212.8.247.8,22318,1
209.240.58.175,36652,0
173.89.6.49,12184,1
89.35.122.93,14603,2
5.136.89.166,14361,0
135.180.161.89,21737,0
95.23.225.203,37057,0
5.253.16.213,23547,1
205.206.225.197,28241,1
45.72.223.175,20851,0
46.103.156.71,21530,1
111.220.144.154,21095,1
82.30.185.143,26421,1
90.220.52.115,22985,1
87.75.110.64,22313,1
50.98.7.140,39507,0
92.27.150.46,18334,0
76.135.214.241,21762,1
145.14.28.175,12521,1
31.56.227.43,21189,0
2.177.46.24,28423,0
124.183.67.108,38724,1
91.21.113.240,23154,0
203.186.28.30,21728,1
32.212.240.7,30492,1
98.42.232.222,12965,0
88.71.172.182,23154,2
145.239.85.134,21745,1
97.104.76.172,11989,1
47.201.175.158,11477,2
46.5.128.137,32767,0
194.116.215.189,9002,2
159.196.109.206,32059,1
5.239.72.75,10970,2
185.156.175.35,25080,1
35.142.222.141,23023,0
152.208.29.108,39520,1
70.117.227.23,27832,1
88.168.253.44,23154,1
94.224.160.109,23154,1
5.9.6.21,20626,1
110.148.150.245,23473,0
210.246.41.78,32547,1
123.243.187.210,24321,0
218.156.39.195,34643,0
130.245.42.155,27528,1
82.209.215.205,33333,2
81.95.52.68,27713,1
109.234.39.153,16155,2
181.228.133.84,36357,1
71.185.80.100,23154,0
125.142.94.199,24982,1
5.206.227.116,22658,2
79.199.38.191,10324,1
43.130.126.147,16098,1
52.124.123.231,26334,0
182.169.122.121,36172,1
162.228.116.147,11695,0
203.23.128.239,19578,0
102.188.191.189,23154,0
185.95.219.83,45327,1
64.24.123.23,27817,1
71.236.223.67,23329,0
120.88.121.72,23154,1
82.11.112.220,23659,1
178.24.113.68,13685,2
95.90.32.187,22343,1
85.225.34.177,39504,0
64.110.248.33,27278,1
184.175.52.185,12457,2
83.71.19.223,39954,0
75.202.57.23,23154,1
112.213.190.7,25556,1
68.116.239.150,17341,1
174.54.110.166,20292,1
106.68.0.198,26891,1
64.180.92.28,37234,1
69.204.186.99,16955,2
166.70.16.185,34401,0
81.4.111.193,20081,2
24.209.113.5,39117,1
41.133.87.112,34580,1
130.245.42.144,18560,1
190.92.198.32,60000,0
2.177.232.231,23410,1
76.131.223.182,32983,1
174.23.156.73,12065,2
72.128.116.173,37888,0
184.190.223.11,4567,1
86.9.42.152,21261,0
158.247.199.233,24631,1
43.129.197.120,10053,1
46.246.13.68,20261,1
222.155.60.37,23084,1
100.4.65.111,23154,0
23.137.249.86,15302,1
81.182.72.182,25192,1
83.177.143.254,22596,2
69.21.8.209,9466,1
45.56.81.131,30629,1
84.27.241.239,23154,0
8.36.226.140,17102,1
162.227.20.193,27777,1
94.60.211.56,25357,1
108.181.101.66,42142,2
78.37.248.109,26188,1
188.251.14.50,23697,1
66.183.18.231,37250,0
77.58.102.196,16879,1
188.187.19.63,32408,1
81.7.11.241,29609,1
142.163.72.4,33757,1
2.191.107.67,22325,1
86.28.74.91,23048,0
77.83.249.77,23154,1
139.144.60.215,26050,1
1.123.6.159,23321,1
2.121.42.253,23154,0
80.78.24.126,29807,0
77.185.152.55,42666,1
89.152.117.63,31145,0
27.252.194.233,18763,1
82.66.105.189,23504,2
174.175.184.98,14420,0
77.239.233.116,30292,1
77.39.233.244,25777,0
46.101.204.146,29847,0
99.253.168.100,13554,2
73.26.190.77,23154,1
50.40.117.97,23974,1
88.119.255.35,11864,2
76.141.39.224,9698,1
151.242.29.90,17582,2
203.185.218.239,28833,0
76.128.205.126,18393,0
5.189.45.36,10260,1
154.20.40.87,12049,2
128.76.152.2,24508,1
205.206.80.51,24905,1
86.21.144.89,23154,1
180.150.67.110,32752,0
92.114.220.54,24071,1
77.99.132.59,39111,0
76.121.26.92,35775,0
199.68.125.36,35472,1
203.129.56.222,26011,0
91.17.210.35,53820,1
83.34.66.36,24578,0
95.84.200.6,23537,0
93.95.229.189,15063,2
109.195.166.251,28994,0
181.160.7.140,30386,1
60.250.107.164,9652,2
95.79.50.60,31915,1
86.176.230.16,23154,0
78.131.90.135,18888,2
49.12.134.96,11971,1
194.68.170.61,50799,1
46.45.28.199,1980,2
24.45.148.202,23497,1
78.147.230.24,37870,0
88.99.92.235,11139,1
71.73.56.93,9779,2
76.64.53.45,23154,1
62.198.19.27,26644,1
83.29.60.239,32065,2
195.201.1.89,19827,1
65.188.126.154,23557,1
122.47.209.149,37870,0
68.151.212.198,23154,1
78.141.211.78,12345,1
43.128.45.45,23951,1
2.178.11.31,24510,2
89.248.255.107,55430,0
59.102.23.236,37166,1
77.180.40.53,24825,1
87.123.0.105,18219,2
43.134.60.139,17779,1
76.237.168.201,36278,1
151.83.224.24,23154,2
68.0.168.195,11811,2
195.52.151.134,12795,1
188.32.155.214,28911,1
187.192.243.38,29697,2
24.122.22.93,20624,1
196.3.174.18,23154,1
91.219.237.131,15447,1
70.34.245.167,19972,2
188.77.142.5,9993,1
67.6.136.210,26164,1
209.33.119.49,32114,1
64.22.20.57,12535,0
71.187.76.214,21973,1
84.248.131.225,25969,0
199.192.192.220,25725,1
176.9.103.13,23154,1
176.114.222.153,22444,2
31.126.92.194,20340,1
50.111.112.226,23154,0
51.81.187.57,9612,1
71.52.30.92,6573,2
84.211.102.150,15651,1
173.68.162.157,10975,0
178.254.32.235,24900,1
107.172.29.106,22796,1
1.122.145.19,36357,0
83.10.225.4,23154,1
2.177.64.54,21752,1
148.66.190.8,24820,0
24.134.72.157,25679,1
83.169.16.161,17241,0
176.27.98.49,12286,0
213.152.162.5,62370,1
67.180.156.61,36155,0
86.170.197.89,30136,0
118.200.109.199,35991,1
193.238.237.74,15511,0
95.216.243.224,23250,1
78.170.223.61,17982,1
173.183.107.173,36075,0
46.246.7.42,20571,1
104.157.57.25,24437,1
185.130.46.35,27267,1
95.98.98.120,23039,2
67.83.192.198,26383,1
46.7.7.72,34937,0
202.172.103.129,23154,0
153.120.42.137,26712,1
76.115.138.44,19370,1
5.239.15.143,21609,2
78.99.91.69,23154,1
51.146.250.76,31714,1
80.103.177.97,24876,1
47.183.118.185,21124,1
110.33.81.164,23154,0
187.149.238.187,11631,2
210.50.221.244,23512,1
82.179.190.25,13166,0
50.47.200.43,29320,1
68.44.13.155,10210,2
50.116.45.72,10318,1
39.109.128.246,31904,1
216.197.254.5,20357,2
46.116.96.223,15714,1
198.58.119.91,14805,0
24.176.72.119,17783,1
64.42.181.226,42142,2
185.195.191.154,21018,1
188.211.107.60,20483,2
93.55.95.75,32636,0
142.132.169.55,15890,2
37.210.207.73,24794,0
76.143.80.189,20775,1
94.0.226.30,21827,0
72.10.135.208,10085,0
74.38.53.71,20534,1
178.190.56.11,14576,1
27.136.241.254,31837,1
73.138.26.75,16359,1
86.103.8.67,49231,1
176.36.208.108,32629,1
46.146.6.202,10916,2
149.172.183.19,30562,1
193.178.169.23,17893,2
67.171.228.138,12577,1
24.157.152.63,27024,1
115.188.28.100,37770,1
82.69.81.175,39425,1
178.116.177.167,27318,1
76.135.221.4,39613,0
108.17.52.178,23154,1
75.174.74.224,21414,1
100.16.42.50,17340,1
2.191.37.130,11660,1
77.99.240.146,27100,2
95.154.88.233,37544,2
45.62.123.79,12345,1
186.32.171.16,31088,0
180.129.5.155,29275,1
98.42.142.163,23154,1
151.245.111.70,9501,2
31.56.32.101,19061,1
72.182.199.136,30692,1
51.15.51.30,29574,0
90.0.170.42,23154,0
149.241.196.2,30039,0
196.250.195.69,24709,1
124.187.109.211,38598,0
178.141.133.229,25496,2
93.103.24.10,29058,0
78.107.250.17,20523,1
109.227.61.126,23154,0
47.40.160.236,28490,1
103.253.26.19,27966,0
37.195.176.183,22930,1
221.118.234.64,65533,1
155.133.207.182,30438,1
185.241.208.54,16500,0
190.112.240.58,37856,1
159.196.97.110,29040,1
216.147.94.118,14948,2
150.9.111.55,30510,0
71.95.68.245,35226,1
101.185.220.139,34620,1
97.126.0.29,15661,2
99.248.149.81,31782,1
98.167.244.26,11817,1
86.161.109.14,34765,0
89.116.220.117,27662,1
148.63.155.27,35217,1
89.16.147.162,22179,0
178.124.173.186,15254,1
46.142.133.143,22384,1
96.8.113.72,12553,1
71.231.119.145,18810,1
73.166.134.45,23154,1
78.48.152.112,9667,1
73.180.46.45,23241,1
24.20.44.216,20331,1
220.253.15.45,37214,0
79.107.172.248,27603,1
82.64.181.203,24083,0
139.180.166.240,30639,1
124.190.82.54,21009,1
103.254.14.3,10530,2
47.187.166.217,13453,2
5.182.39.199,23666,0
187.200.59.43,33324,0
142.68.71.143,11831,1
66.8.141.104,13842,0
76.103.212.220,31829,0
196.221.55.159,27986,1
197.90.192.236,23154,0
169.150.41.137,23154,1
47.41.89.41,10834,1
2.236.49.122,10732,2
75.110.99.82,25962,1
83.165.181.231,25557,0
144.6.110.70,12054,0
202.164.57.162,23154,1
64.20.38.66,30017,0
104.248.86.103,24756,0
27.33.16.52,27967,1
80.210.171.210,24250,2
169.0.60.176,34524,1
98.212.29.204,38146,0
47.54.150.123,30257,1
74.102.214.220,21401,1
184.64.180.228,24190,1
108.28.117.89,23589,2
2.190.155.26,16209,1
73.72.78.183,27350,0
149.248.50.14,15569,1
106.70.58.24,34567,1
125.59.5.241,16190,2
87.64.198.91,30857,1
72.81.243.219,18797,0
68.150.211.19,36732,1
186.2.251.2,35355,0
95.84.8.254,11508,1
173.212.225.36,22950,0
5.3.138.175,17955,1
84.175.0.234,63191,2
178.62.115.144,27237,1
173.216.96.225,35262,0
188.19.201.95,33924,1
178.80.1.212,32929,0
120.149.91.128,21569,1
172.94.40.13,12345,1
172.197.9.25,23154,1
68.33.85.85,27535,0
175.145.12.116,20813,1
108.170.139.113,28792,1
80.210.150.240,28349,2
76.149.208.131,11511,1
98.233.186.11,34658,1
24.92.59.126,22751,1
217.60.191.144,9280,2
45.153.230.67,16046,2
92.27.150.47,23455,1
188.165.229.6,26130,2
77.248.68.132,29050,1
79.216.71.94,26482,0
222.227.182.148,23154,1
182.178.87.14,21244,1
134.215.25.96,39943,0
69.87.220.206,23549,0
95.91.21.83,14385,1
46.151.27.226,27386,2
27.253.93.221,36623,1
73.36.65.41,9159,1
2.185.74.190,13476,2
101.98.48.144,38877,1
58.165.29.228,13832,2
83.220.172.231,33447,2
80.193.34.176,16727,1
99.231.46.211,34460,1
189.144.121.9,21161,2
130.245.42.151,12131,1
50.92.136.55,26241,0
185.33.143.86,4567,2
95.165.153.55,13457,1
24.127.181.124,23154,1
184.144.22.66,30228,0
89.41.26.174,9780,0
46.248.50.166,27037,1
87.122.98.19,26296,1
102.182.11.54,20119,1
41.78.244.140,23154,1
186.20.11.200,14377,2
94.242.9.61,21222,1
91.160.186.88,14238,1
78.107.234.213,22642,0
96.250.214.47,11269,1
151.243.7.63,15127,2
86.105.45.196,10827,2
185.231.69.64,22531,1
142.186.104.92,28039,1
130.245.42.152,30585,0
87.171.113.123,11047,1
107.175.85.67,23348,2
72.195.130.54,11127,1
213.40.102.176,37197,1
71.87.109.114,21748,1
188.134.85.49,37845,2
94.242.45.21,32832,1
1.158.88.146,22004,0
86.29.69.145,31098,0
72.201.94.215,54312,1
46.249.16.172,24707,1
71.71.164.186,23020,0
185.130.45.245,13978,1
122.148.196.128,26885,0
98.48.84.117,17455,0
198.13.36.69,12566,1
85.23.10.14,33746,1
180.63.236.184,23154,1
98.222.39.131,10886,2
101.175.98.207,29789,0
193.181.35.45,36020,1
58.165.37.135,26061,0
190.21.23.208,12108,1
47.13.183.98,13857,2
185.236.108.204,19192,1
61.68.67.16,36886,1
151.250.189.245,10824,2
211.31.162.203,34094,1
185.154.15.233,26190,1
72.23.41.224,23154,0
136.58.104.0,29964,1
86.134.123.38,33547,0
31.124.254.44,23433,1
156.47.76.164,28831,1
79.145.55.203,39457,0
213.45.245.60,32320,1
99.184.79.0,28831,1
46.142.57.239,9739,0
174.119.163.7,27532,1
92.150.30.85,13471,1
176.193.236.245,5555,0
176.117.210.192,26006,1
60.48.160.121,28138,1
123.203.151.247,24022,1
192.236.160.162,33465,2
206.42.30.77,24239,0
185.228.233.50,29840,2
39.32.50.148,29948,1
72.203.51.17,22747,1
90.188.77.83,13740,0
95.150.230.20,32149,0
107.130.62.114,28217,1
192.143.92.66,23154,1
174.138.210.138,36234,0
43.132.151.86,27883,1
76.133.205.239,21569,2
98.220.212.51,31313,0
102.132.227.116,14926,1
195.2.75.141,10690,2
81.34.44.182,20853,1
154.61.58.162,23154,1
81.7.10.17,15801,1
133.18.201.69,26575,1
37.193.103.44,19815,1
110.145.14.167,34750,1
23.137.248.42,16727,1
5.238.173.89,27097,1
78.82.204.17,23154,1
211.135.27.157,24432,1
136.55.28.180,27822,2
212.237.217.171,46817,2
176.9.161.22,22237,0
124.177.116.95,29587,1
82.10.68.254,26819,1
94.65.28.56,34333,0
173.79.71.232,34833,1
176.62.18.2,22980,1
93.116.230.117,25557,2
173.164.210.49,26274,1
209.159.148.189,21963,1
46.163.177.9,24662,2
152.67.65.245,26004,1
89.238.166.235,37462,1
78.0.102.249,15132,2
46.5.124.6,16335,1
187.20.11.73,25584,2
198.27.183.249,28405,1
31.56.69.135,9696,2
154.62.158.71,36684,1
74.134.158.68,37977,0
132.145.51.76,24853,1
73.211.84.62,23154,0
124.182.3.223,23154,1
218.214.232.137,31493,0
76.142.0.30,23154,1
152.37.147.228,11073,2
108.85.131.138,12345,0
2.190.179.156,10055,1
178.17.170.206,33567,2
90.51.102.90,9335,2
95.84.4.220,24212,2
108.27.80.183,15251,0
84.24.191.60,28993,1
71.58.154.197,4567,1
2.190.246.50,19048,1
70.142.200.241,29123,1
69.197.158.170,26462,1
193.111.210.27,10591,1
151.240.24.74,23044,2
81.5.78.16,26377,1
218.111.111.29,31063,0
217.104.16.35,34546,1
92.97.234.184,23297,1
2.191.36.130,16054,1
69.207.41.63,34433,0
167.235.199.162,13622,1
172.115.40.103,13226,1
84.50.52.87,23265,1
88.99.166.23,12476,2
3.254.50.184,22752,1
84.2.206.238,21273,1
144.206.130.35,4682,2
77.172.180.9,17451,1
94.210.216.185,27824,0
118.240.237.25,34778,0
46.246.84.164,21161,0
46.176.166.192,34982,1
155.138.135.188,30306,2
80.119.67.73,18048,1
198.50.170.68,13404,2
2.91.187.22,10432,2
98.16.15.93,33002,1
93.197.154.127,19300,2
31.46.179.124,23154,1
46.45.28.31,1980,2
178.37.200.147,26750,1
47.144.238.193,25001,1
91.152.69.52,12206,2
68.41.53.166,22631,1
45.42.38.86,23154,0
2.176.126.160,15319,1
73.136.189.61,10686,1
193.124.181.103,12422,1
93.186.197.181,8778,1
5.228.170.93,23154,0
37.187.73.116,18925,1
92.117.96.128,22083,1
2.204.31.226,27791,1
66.45.158.179,37551,1
45.44.24.232,34761,1
98.113.194.245,24796,1
197.1.186.117,26333,0
213.145.125.139,27372,2
67.182.124.92,26373,1
62.109.31.7,27296,2
114.30.104.206,26246,0
172.232.53.16,27786,1
198.245.61.137,19462,1
91.181.246.126,36212,0
51.81.139.248,19548,1
80.43.23.34,31052,0
81.230.180.43,29267,1
95.37.16.29,21750,1
86.23.207.35,14752,2
85.74.96.253,26808,1
2.176.169.42,11660,1
92.116.215.56,25006,0
98.197.196.20,25181,1
89.212.167.131,18205,1
83.115.197.38,26100,0
197.95.145.200,39998,1
1.158.230.39,35048,1
47.198.0.22,39833,0
95.203.231.36,30135,1
73.148.167.35,19893,0
98.244.26.78,23154,1
194.59.206.223,16789,1
50.158.161.72,20831,0
126.77.146.211,23216,1
2.191.29.6,17562,1
2.191.21.148,21938,1
176.120.182.118,18373,0
95.84.162.91,36153,1
176.224.10.63,24414,0
90.156.231.90,29301,2
31.56.182.84,16058,2
37.195.234.150,16270,0
159.203.181.42,18056,2
87.107.36.128,19469,1
174.166.12.136,24594,1
97.113.118.3,33894,0
93.120.155.78,10843,1
45.142.105.23,9734,1
77.247.225.234,25566,2
146.90.97.19,24170,1
178.25.243.201,20703,1
89.34.111.105,27809,2
176.48.60.176,20298,1
82.64.74.184,29593,0
178.167.60.215,18231,1
174.1.53.174,24392,0
213.140.217.176,23154,1
86.5.205.235,23154,1
89.0.116.220,30821,0
5.253.16.218,30193,1
70.53.238.110,38453,1
84.236.85.82,23154,1
74.91.27.29,11732,1
149.102.41.170,32537,0
176.36.165.249,26114,1
178.62.209.6,17414,1
73.77.204.239,19480,1
2.190.139.240,15508,1
62.30.175.101,22222,1
5.67.211.155,27202,1
81.181.111.155,15448,2
217.70.21.204,39684,1
176.226.138.63,24875,2
120.149.25.125,38722,0
120.148.161.139,30034,1
198.98.61.88,29798,2
112.141.120.61,14684,0
121.121.80.81,27893,1
86.5.249.11,4567,2
2.176.20.122,20630,1
31.56.49.40,17341,2
94.210.68.58,10607,1
109.193.35.180,13057,1
35.142.90.237,27715,1
81.187.220.163,22326,0
83.16.72.1,38665,0
121.45.156.39,13518,1
179.66.87.83,37391,0
86.21.248.99,19611,1
217.62.82.231,30302,0
107.189.29.146,28879,1
185.33.250.224,37669,0
218.185.230.40,35402,1
70.83.111.13,33655,0
92.221.121.157,38324,0
104.159.151.224,39258,2
5.78.83.43,13373,1
132.147.55.115,23154,1
42.190.156.35,26073,0
58.182.178.114,29964,0
184.190.85.93,20329,1
77.190.23.196,18762,0
159.180.125.32,29777,0
172.218.2.54,11881,1
86.25.218.11,36066,0
188.243.15.125,44302,1
81.89.113.121,19245,0
2.95.76.142,24616,1
120.159.152.146,20475,0
162.234.148.89,17492,1
70.167.145.23,21280,1
174.180.149.233,30122,1
129.122.163.183,33692,0
98.60.74.166,23154,1
52.45.178.60,26042,1
90.192.178.107,27882,0
70.92.178.6,20742,1
24.15.105.234,19267,1
129.151.80.52,26284,1
138.201.245.161,26108,2
60.240.209.241,22931,1
217.155.42.79,14906,0
23.122.200.162,17172,1
2.190.14.51,14288,1
71.188.59.79,19215,0
2.190.76.11,15363,1
92.242.1.130,14117,1
217.245.43.41,32899,0
68.36.176.169,33585,1
81.204.215.42,21954,0
95.244.19.77,17528,1
58.7.198.83,13684,1
51.79.140.71,30410,2
176.38.197.67,12176,1
58.161.86.187,21654,0
209.141.51.180,15932,1
144.76.37.144,30377,0
89.245.111.186,21814,0
83.128.83.143,39076,1
85.247.116.111,11530,2
92.117.36.45,21291,0
198.167.220.44,23154,1
187.235.144.104,23154,1
213.93.172.201,33816,1
109.88.74.199,16731,1
75.172.36.16,25122,1
95.217.38.243,20856,1
176.31.103.175,38714,0
84.229.127.47,23113,0
77.21.6.31,14488,1
106.158.189.184,23154,0
71.237.185.51,1382,1
109.131.234.254,18264,2
142.154.161.6,23154,2
178.216.5.2,21669,1
185.244.150.78,17466,1
112.141.177.193,23154,1
74.78.210.131,30044,1
74.99.165.147,12021,1
213.245.26.226,33528,1
97.115.133.186,39030,0
84.51.82.250,20949,1
83.178.139.233,20015,0
5.253.16.35,30231,1
218.102.159.153,24475,1
82.37.43.195,20471,1
76.178.124.183,16590,0
84.69.228.139,39299,1
92.179.1.219,13172,1
89.38.245.125,25085,2
78.132.143.57,12744,1
125.239.77.155,20375,0
172.245.99.10,17304,1
47.204.214.219,28985,1
139.216.166.163,23154,0
118.211.79.43,32480,0
142.181.229.86,23154,0
73.91.101.61,9368,2
99.251.229.51,23750,1
82.37.135.59,14972,2
126.203.49.143,36358,1
73.215.235.191,23154,1
2.190.10.155,21234,1
31.57.33.214,13417,2
50.93.4.169,26786,0
69.255.192.153,21580,0
193.56.240.44,11323,2
124.169.134.177,25177,1
23.137.249.62,27478,2
91.22.103.142,8886,0
95.165.13.152,18055,1
5.252.118.40,10489,2
198.58.101.147,30499,1
50.72.141.60,23972,0
50.64.164.93,33147,1
2.189.159.210,24476,2
65.109.226.231,12471,1
5.238.167.242,12572,2
69.121.235.247,37625,0
90.242.52.56,35154,0
142.67.135.50,24852,1
86.161.213.25,23154,1
87.123.151.23,26622,1
94.241.142.206,25510,2
93.95.229.229,15814,1
165.169.102.85,8092,1
151.240.156.151,26177,2
45.83.89.154,16686,1
1.159.78.99,23154,1
121.212.35.195,22943,1
178.16.87.40,14878,2
92.248.205.69,29916,1
197.92.150.139,25594,2
112.141.214.64,23154,0
80.240.209.148,25565,1
37.45.144.247,21641,1
174.86.227.6,24355,1
146.70.169.190,19203,2
94.16.110.176,13043,1
89.239.254.72,33033,1
45.79.218.183,24791,1
73.184.83.65,19214,2
92.162.84.21,30149,1
109.157.196.24,31879,1
83.86.8.206,23154,1
64.120.88.138,28261,2
109.148.154.249,23154,1
73.78.184.73,29503,2
83.248.41.199,15342,2
90.217.161.116,24815,0
91.132.139.228,15867,2
188.226.76.173,59274,2
31.20.91.20,20804,1
5.74.62.38,15124,2
2.177.39.215,29027,1
89.240.70.241,22759,0
68.9.193.189,28422,1
104.247.229.215,23154,1
95.217.132.48,10055,2
5.172.7.137,61695,0
178.37.163.123,21829,1
176.192.188.64,16459,1
94.21.174.221,35183,0
91.169.134.166,13209,1
202.169.217.14,23154,1
216.250.247.166,30300,2
88.174.204.145,23154,1
2.176.170.217,9497,1
50.72.193.82,20080,1
84.3.101.199,32239,1
86.4.53.92,23154,1
176.123.3.100,12636,2
83.253.49.164,34406,0
151.224.68.48,38410,1
37.221.195.19,28564,2
145.239.85.30,31743,1
174.114.198.50,27671,1
212.24.97.123,10438,1
31.22.170.137,23569,1
91.58.134.74,30500,1
184.54.50.47,30284,2
116.240.236.169,37886,0
77.49.86.151,32599,1
151.235.26.63,15616,2
124.170.36.51,49003,2
2.177.69.20,15807,1
92.7.66.30,29700,1
5.164.146.172,24789,2
108.180.12.85,28588,1
66.91.41.64,23154,1
2.191.115.135,27362,1
84.2.96.220,23154,0
23.137.250.198,19584,1
73.109.18.159,23154,1
77.9.120.78,17387,0
2.190.247.226,14197,1
178.74.43.83,39859,0
93.95.230.165,23787,1
82.137.33.192,23154,1
130.245.42.153,26511,1
82.65.207.214,21944,1
2.30.207.232,38104,1
67.175.189.74,26823,1
2.28.255.210,34726,1
67.162.111.76,32465,1
193.33.195.185,11958,2
178.71.147.17,26385,1
70.44.76.215,19156,2
89.212.41.205,13373,1
84.186.214.42,11111,0
185.40.199.126,16929,1
47.224.232.110,37298,1
67.167.16.74,24429,1
92.55.7.111,27398,2
82.218.144.141,23126,1
2.191.10.77,10516,1
98.60.110.89,35424,1
109.171.24.56,21828,1
78.87.240.116,27968,0
205.206.127.66,19645,0
182.23.54.119,10867,2
185.231.207.251,28810,1
87.106.208.236,26745,0
88.207.101.168,24320,1
91.143.92.16,29735,0
220.253.75.19,25198,1
195.12.48.170,42142,2
82.11.40.69,39882,0
91.132.222.110,7777,1
84.217.100.49,30355,1
151.245.127.244,24691,2
122.108.98.114,9688,1
188.194.165.8,30291,1
58.160.94.155,38350,0
96.241.127.127,20630,1
89.103.120.229,26332,0
5.139.134.247,12310,2
45.82.122.212,18515,1
161.230.179.156,23154,0
195.240.81.79,22796,2
24.92.127.141,27573,1
68.49.129.81,21338,0
14.202.38.240,30164,0
2.191.37.162,24261,1
84.21.164.13,59348,2
91.98.6.214,30348,2
62.220.174.13,9999,2
176.179.64.227,33960,1
82.35.128.58,32680,1
79.111.31.47,29597,0
80.7.67.33,25893,1
220.235.167.108,29948,1
31.204.101.65,29713,1
109.8.155.17,38533,0
172.88.200.157,11293,1
188.76.152.5,31794,0
77.56.112.143,36104,1
38.22.130.254,29919,1
100.10.9.198,12128,1
84.71.93.134,12794,0
5.43.152.47,10366,1
58.161.103.32,23154,2
135.84.197.199,36563,1
180.129.5.214,21484,1
128.199.228.219,13419,0
176.103.210.226,9270,1
90.173.173.211,23154,0
37.120.212.245,31130,0
82.68.49.228,16412,1
69.61.12.120,28877,0
86.87.38.96,22225,0
2.177.25.95,16885,0
92.234.87.246,37969,1
95.217.12.128,17352,2
101.235.240.247,39222,1
219.98.252.116,27453,0
82.65.177.57,22922,1
95.165.24.220,20303,1
46.164.55.227,24783,1
185.87.192.153,22207,1
46.69.68.189,23154,1
83.233.40.28,32062,1
153.203.162.2,35259,1
89.22.225.169,26199,2
85.220.92.196,28670,1
51.89.224.171,21386,2
71.8.81.240,23154,1
115.166.1.13,23551,0
81.131.157.238,30054,1
90.205.30.85,30986,1
91.177.253.198,23154,1
92.31.158.113,39353,1
198.167.218.14,31841,1
88.19.230.76,29490,1
185.39.207.17,16923,2
24.10.142.83,23154,1
159.2.211.16,9166,2
46.23.157.156,17022,0
73.151.219.235,28505,1
51.77.213.233,12345,1
31.28.118.46,11719,0
71.186.235.174,26947,0
101.176.140.19,17827,2
90.164.124.97,27413,1
193.23.249.22,15845,2
109.152.99.169,17616,0
38.2.40.218,13597,1
70.95.141.52,17820,1
91.218.101.85,30858,2
76.71.203.231,35182,1
78.56.247.31,27841,2
84.179.204.74,26934,1
5.74.142.61,14488,2
2.100.77.186,30239,0
91.238.50.50,56658,2
73.12.131.213,29127,1
144.64.45.246,14063,2
64.176.40.21,19746,1
77.81.132.243,14738,2
184.75.221.35,17211,1
110.22.251.239,9559,0
89.243.48.200,18161,1
144.208.200.119,22074,0
67.84.92.19,28841,0
64.136.144.106,10117,1
94.183.89.19,16575,2
83.10.136.55,9546,1
159.89.115.45,15158,2
14.201.47.139,23780,1
89.177.36.188,23787,0
99.254.220.83,23154,1
77.47.127.182,22418,0
190.162.211.111,28192,2
110.175.209.108,22989,1
181.140.236.24,24686,0
70.51.163.236,24816,1
185.42.251.150,28346,1
65.75.222.94,9956,0
14.201.105.44,26307,2
93.119.34.255,22206,2
68.110.119.203,32500,1
2.190.148.93,28115,1
95.158.253.12,10549,0
5.228.42.179,9434,1
73.22.10.198,39541,1
94.174.0.22,20591,1
57.128.194.133,4255,2
93.95.227.108,18239,0
155.93.152.83,26324,0
65.129.63.104,23154,1
77.104.90.131,22325,2
91.166.202.123,26286,0
142.179.9.59,23154,0
116.203.30.200,21490,2
217.219.237.142,29252,2
99.250.173.180,32004,1
2.177.26.77,9368,1
83.21.7.236,22057,0
78.39.172.152,15616,1
45.74.242.228,27408,2
178.46.128.7,9440,1
176.99.237.116,10737,0
87.207.241.99,24151,0
87.80.189.120,18479,2
77.255.214.95,10715,1
178.248.249.172,10848,1
90.64.129.212,35159,1
2.183.49.192,26788,2
93.42.73.103,39711,1
217.61.218.15,29842,1
180.151.61.117,9551,2
184.88.76.27,25091,1
74.96.173.221,22229,1
151.234.145.200,22651,2
8.39.234.175,42142,2
170.39.215.215,20857,1
103.175.16.53,11028,1
5.236.19.83,15556,2
95.82.237.200,18647,1
84.144.232.234,30090,1
2.191.94.237,15106,1
99.250.248.39,12283,1
37.120.236.10,42142,2
178.218.114.238,9987,1
188.241.240.136,28521,2
73.128.199.61,21762,1
31.15.193.182,23154,0
82.66.216.38,30259,1
92.26.190.75,27672,1
159.224.183.215,13666,0
50.53.71.254,22418,0
69.156.34.189,25332,1
86.250.237.154,33584,1
67.174.149.195,25796,0
82.9.243.79,22975,1
47.32.108.51,23185,2
112.141.181.184,28167,0
5.107.204.65,29429,1
170.64.140.11,15624,0
159.196.153.152,38230,1
65.48.150.39,30470,1
121.86.199.95,10856,1
71.200.128.185,61432,1
212.233.16.218,24333,1
193.56.255.174,22442,2
86.96.19.83,23154,2
188.210.102.102,14878,2
96.242.35.34,28055,1
176.212.34.75,11383,2
198.167.198.208,23154,1
78.73.138.74,25082,1
45.77.103.46,12540,2
97.127.24.128,25928,2
68.203.27.223,23694,1
76.93.215.156,23154,0
2.126.195.53,21192,0
188.233.47.109,51413,2
2.180.95.39,16255,0
5.196.95.236,27224,1
91.146.152.78,23154,1
91.176.168.68,23594,0
90.49.77.23,23154,1
102.182.118.40,31428,0
67.166.72.124,11284,2
80.38.223.255,1050,1
46.100.39.223,13514,2
86.6.126.55,22694,0
218.215.150.26,23879,0
80.210.208.218,11280,2
217.219.236.163,16708,2
70.30.199.43,31539,1
31.202.140.157,39871,0
46.116.250.168,20898,1
109.191.250.55,15838,0
75.172.106.175,11109,0
60.53.50.130,24684,0
95.165.95.216,30024,2
37.235.169.1,34571,1
45.78.129.145,23867,1
31.96.63.177,30099,0
107.159.43.105,23544,1
185.177.216.199,16669,2
178.64.118.174,30242,0
82.168.71.73,23154,1
90.125.111.190,23154,1
84.69.247.235,23154,1
99.229.194.13,37176,0
189.169.34.14,35231,1
188.143.211.217,24276,1
97.130.86.28,23154,0
84.194.13.219,27826,1
98.250.160.214,26196,0
73.186.188.163,23154,1
151.95.172.171,21424,1
98.109.80.33,38095,0
198.203.28.43,21725,1
47.205.208.190,25277,1
82.66.62.193,27460,2
81.77.100.43,23154,0
5.128.32.193,24157,0
79.118.91.197,28679,1
86.104.194.13,27569,1
181.28.82.190,38191,0
93.38.52.230,39340,0
83.213.172.152,23154,0
121.98.71.104,25639,1
161.65.240.191,18793,1
81.245.241.101,14223,0
79.88.54.161,39065,1
94.226.202.152,23154,1
90.30.200.132,32643,1
99.236.212.92,35711,1
64.72.43.18,31658,0
146.198.110.111,14822,1
79.151.234.174,35052,1
83.139.188.119,12625,1
193.237.197.194,26762,0
77.144.176.147,31672,1
176.193.15.59,22061,1
87.67.43.145,29147,1
2.7.64.165,17883,2
82.154.44.25,37231,0
86.227.166.67,34627,0
84.71.41.102,34496,1
62.195.153.50,37134,1
45.152.209.186,17401,2
86.152.246.146,23154,0
45.41.204.215,19541,1
73.250.176.206,20679,0
82.34.85.87,23154,1
42.98.228.182,31220,0
2.191.159.12,22266,1
151.239.59.48,27478,2
71.7.214.126,30041,1
2.122.136.77,23335,2
91.155.237.181,23189,1
5.146.101.122,38525,1
46.188.44.20,22159,2
2.190.20.33,27947,1
77.37.206.233,10459,1
118.106.209.167,33535,2
178.208.88.170,22740,1
151.240.227.96,25043,2
81.190.17.101,15928,1
92.225.249.90,22223,2
106.68.163.219,23154,0
78.60.216.122,37840,1
93.118.106.22,15326,2
5.181.25.98,25083,1
31.180.192.71,29026,2
196.50.197.68,39970,1
2.191.140.124,21732,1
176.213.59.34,10442,2
85.166.209.84,27459,1
73.152.37.241,28437,1
68.144.203.127,30937,0
151.24.27.166,23154,1
195.228.91.247,22035,0
80.201.76.242,36212,1
216.154.6.137,15158,2
83.5.253.107,26731,1
178.75.6.72,35817,2
31.192.197.88,23154,0
182.239.128.16,35530,1
82.22.196.81,12449,2
195.46.163.198,23006,0
216.67.52.143,32776,1
186.48.175.74,19101,0
78.197.121.231,23154,0
82.118.22.150,26608,2
151.235.1.79,15678,2
82.47.118.100,26267,0
77.81.43.21,30388,1
118.1.215.89,13708,1
5.238.163.57,10549,2
84.59.211.117,48354,2
5.238.168.153,9283,2
76.104.168.107,11272,1
123.1.62.203,22718,2
172.233.155.125,17066,2
90.29.243.195,11483,1
172.101.200.228,11068,1
185.224.83.101,9233,2
45.89.55.34,12253,2
93.178.41.60,23873,2
112.118.25.41,34461,1
80.210.234.27,25750,2
174.6.81.202,23154,1
5.61.61.245,20120,1
213.47.77.48,26254,1
89.247.245.253,10895,0
119.230.224.46,9812,1
197.89.155.91,29939,0
35.143.241.88,36382,1
80.115.240.199,34656,0
71.90.162.78,48418,0
139.84.143.51,20745,1
2.176.85.120,22855,1
79.85.12.32,26392,2
77.200.157.122,28795,1
202.166.64.69,19297,0
180.200.221.23,16345,1
60.114.30.18,60015,0
37.63.49.6,62003,1
90.77.49.81,35237,0
95.94.160.42,20918,2
196.210.67.98,20742,1
66.185.199.154,9459,2
98.164.81.4,23154,1
95.145.121.199,23154,1
79.45.160.141,9841,2
86.136.134.199,35397,1
109.126.197.18,10489,2
104.238.179.231,21039,1
104.158.128.138,22095,1
188.211.95.99,14915,2
47.208.64.44,13824,1
142.188.26.162,25291,0
72.14.26.109,13345,0
90.109.16.188,9447,1
195.132.105.201,23154,1
173.255.30.77,21576,1
5.227.184.229,16549,1
81.132.83.173,23154,1
23.184.48.155,21058,1
101.161.89.49,24764,1
87.187.202.209,30586,0
217.254.93.7,14803,1
178.191.253.100,24425,1
188.210.166.119,14517,2
94.11.176.172,23154,0
82.112.63.125,53415,0
90.197.177.39,23290,1
81.79.241.73,23154,1
89.223.52.84,30286,2
69.116.216.230,23154,1
51.161.131.176,20168,2
178.141.162.1,25709,1
100.15.57.208,12546,2
85.229.50.170,28827,1
136.244.103.63,12345,0
70.44.49.53,29557,1
99.251.128.236,17460,1
165.232.91.85,30010,1
68.174.30.22,26749,2
114.75.153.43,29774,1
109.195.179.111,29956,1
31.150.235.179,17450,0
91.38.111.160,25235,1
93.92.223.57,18483,0
103.118.42.189,29880,2
23.137.249.82,15556,1
24.42.21.87,20859,1
87.216.115.249,38120,0
85.148.120.223,23154,1
93.138.68.217,23154,1
212.171.171.184,20000,0
68.98.98.24,29418,1
75.129.142.221,12397,1
185.18.53.10,20382,2
80.193.48.37,21191,1
182.167.8.51,36586,1
188.210.185.16,30087,2
24.155.227.5,28080,0
188.42.216.83,18474,0
2.27.215.216,12357,2
68.55.37.147,24602,0
85.184.159.253,30196,1
77.250.67.234,23154,2
128.127.104.107,42142,2
94.31.221.8,24011,0
43.163.237.78,28480,1
165.23.96.32,30201,1
162.156.49.247,23154,0
94.225.92.180,38411,1
46.22.211.85,18464,0
90.229.237.20,32800,1
158.69.95.220,17250,1
68.114.60.212,36448,0
194.207.227.5,20620,0
73.115.67.122,18285,2
92.244.31.28,24355,2
141.136.162.199,33330,1
185.7.233.175,22466,2
136.49.85.15,20070,2
5.239.59.22,29719,2
94.183.144.241,10406,2
188.255.99.40,24066,1
31.46.219.113,20864,1
85.221.92.169,23154,0
178.84.162.83,4666,2
188.23.208.30,29652,1
31.23.100.72,10327,1
69.130.165.152,9936,0
94.105.119.19,36305,1
47.157.140.72,29654,0
93.136.27.29,23643,1
80.210.185.213,11280,2
86.24.57.140,29730,0
59.29.220.171,21613,0
86.164.58.215,24046,1
41.117.158.111,32321,1
84.248.119.86,40564,2
77.81.134.58,18830,0
217.123.183.78,22669,1
85.168.32.78,39185,1
64.176.226.211,30285,1
71.207.118.209,22999,2
89.138.167.199,34056,1
76.131.159.1,30268,0
217.78.239.175,20175,2
73.249.78.246,27847,1
86.165.216.136,33713,1
184.56.198.182,9808,1
89.142.1.206,32344,1
83.131.58.131,23154,1
81.183.154.221,36090,1
84.29.134.92,23154,1
90.189.172.165,42350,1
2.190.107.170,22745,1
93.93.35.197,21230,0
64.69.37.25,27325,2
201.187.245.244,28606,2
68.34.87.231,37740,1
62.133.53.133,12345,1
47.155.230.191,26312,0
5.76.169.88,28710,1
80.151.36.96,28491,2
198.167.193.67,23565,0
130.245.42.142,27758,0
77.129.237.220,23154,0
103.218.114.19,23154,1
98.48.23.162,25346,2
86.134.247.194,22823,2
85.57.174.205,14708,2
51.15.54.182,28377,1
185.183.106.82,42142,2
208.107.136.222,37465,1
120.155.56.222,23154,1
83.165.42.120,23154,0
95.182.248.119,23091,1
219.90.179.84,27818,1
2.122.44.127,33896,1
91.179.85.103,23154,1
62.194.43.168,39063,0
217.136.23.39,22707,0
37.41.42.175,24850,1
178.37.215.144,23154,1
2.177.27.163,20810,1
24.201.123.66,33686,1
172.98.52.129,38541,1
23.137.249.32,12345,2
58.161.152.140,12066,1
90.50.165.158,30498,0
83.81.107.157,23154,1
89.128.192.90,20397,0
92.233.83.245,28556,1
83.81.245.56,12420,1
79.142.69.160,7843,1
83.190.70.51,29700,1
176.166.161.207,21724,1
86.181.193.25,10648,0
188.23.134.212,28208,1
5.238.148.7,27939,2
95.31.13.225,10632,2
41.45.93.95,34756,1
102.132.128.5,25475,1
173.179.203.91,12440,2
213.124.165.8,15166,0
151.238.192.151,15055,1
197.204.4.140,23154,0
82.181.185.117,15441,0
2.190.25.155,12075,1
197.245.205.8,23154,1
2.176.2.198,12933,1
2.176.109.170,4567,1
185.231.207.26,13233,1
102.36.13.142,35720,1
80.128.183.19,25203,1
79.199.123.76,36232,0
77.37.158.218,26206,1
185.72.83.146,23121,1
86.141.166.172,23154,0
158.181.193.32,11024,1
47.218.209.106,15870,1
86.133.204.199,24199,0
85.192.41.152,20600,2
67.193.99.124,26689,1
108.181.63.162,42142,2
82.25.7.67,30958,1
71.60.138.104,14553,2
46.210.13.58,25379,1
50.92.147.53,13964,2
24.89.229.98,27645,1
92.251.59.251,32419,1
45.245.26.46,22262,2
98.217.97.148,25010,0
213.44.251.199,30572,1
88.164.177.43,23587,1
139.193.89.7,18372,0
106.68.213.105,30652,1
172.11.39.79,23973,1
93.190.202.83,24461,0
212.194.12.131,19438,1
176.51.168.132,23154,0
45.47.155.27,10517,2
151.234.134.5,22651,2
94.34.215.57,61578,0
190.30.43.218,11478,1
43.134.31.55,12937,1
197.90.116.115,23154,0
46.9.107.51,23791,1
79.78.82.86,26569,1
81.82.120.100,25788,2
99.239.120.78,23875,1
23.184.48.6,25145,1
123.243.141.122,22026,1
79.221.174.136,14099,1
161.97.95.129,12048,1
89.219.108.88,17862,1
2.191.249.172,24203,1
83.34.240.97,10623,1
90.151.151.35,22770,1
188.240.254.106,11989,2
5.239.95.213,10835,2
73.236.98.190,30155,2
152.172.49.126,11414,1
57.135.40.117,37391,0
158.51.68.65,11291,2
139.216.190.216,26851,1
81.105.89.212,19017,0
79.233.5.129,30235,1
89.153.5.57,23154,1
108.181.50.233,42142,2
98.208.61.183,10014,1
161.230.124.162,9174,1
51.79.239.46,11912,1
139.59.0.163,21257,2
89.254.171.226,9515,2
84.121.140.39,27795,1
81.181.111.150,14351,2
2.176.60.88,30279,1
96.238.150.197,28016,2
212.227.9.137,16241,0
62.245.75.70,12892,1
80.210.167.74,28349,2
176.36.78.99,29247,1
192.82.18.152,12211,1
176.193.37.195,21215,1
95.160.202.193,23445,2
24.8.221.59,31066,2
176.158.161.53,28802,1
5.62.160.235,20723,2
102.188.223.82,23154,0
2.191.29.235,17573,1
68.190.112.137,21086,1
168.119.50.211,18798,2
181.42.151.188,38032,1
216.110.219.93,23154,0
31.215.249.137,23154,1
196.39.131.69,21360,1
146.199.194.233,10734,2
141.239.150.68,28825,0
78.147.206.251,26512,1
77.249.228.15,16190,1
88.15.44.239,29364,1
86.21.22.253,21047,1
80.111.109.159,11522,2
50.47.155.46,23154,0
77.20.26.41,13225,1
73.84.128.179,29754,1
2.190.226.173,22921,1
167.100.123.18,23154,1
83.69.24.181,12414,1
83.24.5.126,16458,1
146.199.88.199,26467,1
142.188.159.140,9948,1
98.32.180.79,18045,2
90.191.198.33,14158,2
94.244.81.169,25335,0
96.41.108.169,23154,2
71.38.160.174,13016,1
188.210.116.204,23496,2
82.39.1.233,27956,1
185.162.251.141,57657,1
31.223.18.103,37057,2
77.0.61.115,26965,1
84.51.85.159,20949,1
88.73.104.100,21964,0
47.36.134.198,27442,0
2.177.120.94,11999,1
2.178.164.82,15616,2
45.83.123.125,25608,2
94.10.1.78,31082,0
79.107.190.83,27603,2
146.199.20.22,23154,1
134.19.56.5,16014,1
76.20.254.255,11611,2
109.173.253.91,18712,1
68.224.64.66,27895,0
99.228.213.189,23100,2
73.8.236.205,26221,0
66.243.235.207,24217,1
146.0.72.131,38499,1
2.176.211.156,26628,1
76.119.185.89,10847,2
73.6.222.15,21471,0
109.123.233.138,26046,2
195.201.33.216,23338,0
146.59.135.94,14696,2
146.70.158.18,57974,2
188.47.84.30,23154,1
81.227.252.107,12345,2
23.137.250.93,19609,0
85.173.198.129,25131,0
27.32.88.5,30341,1
104.228.202.177,11611,2
5.236.204.74,16526,2
77.105.143.145,11190,2
2.190.35.188,24343,1
95.216.174.115,7991,2
172.218.238.233,23154,0
98.164.11.181,29402,1
58.88.12.17,24026,0
74.70.112.60,14264,2
95.92.247.61,26625,0
213.181.95.206,23154,1
97.95.32.8,11843,2
178.211.168.70,24220,1
199.126.73.134,13134,2
174.119.210.39,23154,2
46.147.105.60,24419,2
75.9.244.82,25114,1
149.102.20.53,24744,1
73.253.241.121,28029,2
5.3.126.148,12240,2
85.242.71.136,23154,2
2.25.150.100,22340,1
50.92.93.23,12225,2
174.164.47.41,25675,1
5.239.167.93,15616,2
204.195.52.1,10519,1
46.246.5.70,20261,1
87.62.103.210,8888,2
2.176.236.216,21417,1
151.242.66.121,13332,2
194.207.130.195,23154,0
87.151.85.167,16239,2
24.156.41.183,28393,0
94.23.220.147,22271,1
70.115.238.56,10873,2
195.225.71.24,34302,0
193.218.118.84,28861,1
87.122.2.7,23154,1
100.34.209.109,27145,0
98.7.3.157,38078,1
31.126.9.8,15310,0
84.171.9.7,11288,0
92.58.168.121,32094,1
182.23.54.118,9368,2
82.22.88.158,20827,0
85.65.161.128,27052,1
150.143.105.212,23154,0
90.202.79.8,11021,0
81.109.133.249,32988,1
86.21.146.53,33285,0
45.133.125.197,48931,1
90.112.138.99,23154,0
5.239.136.186,29474,2
108.20.214.254,12331,2
217.247.70.50,30302,1
178.218.104.76,20963,2
5.189.130.60,9673,1
78.47.80.55,13045,0
35.133.247.143,23154,1
24.2.116.43,11054,1
93.114.109.21,29649,2
2.190.231.31,14439,0
78.176.151.187,11011,2
78.107.7.97,16482,0
89.147.110.36,28519,2
94.177.12.101,26678,2
170.199.93.185,30286,2
67.219.171.154,10184,2
84.31.240.219,20066,1
31.17.1.4,12136,1
92.116.233.78,29530,1
46.142.51.3,19384,1
176.174.166.167,19719,1
37.123.148.223,13442,1
84.155.186.68,11996,1
94.224.3.3,26961,1
70.59.143.224,23915,2
83.44.105.109,23154,1
129.213.91.164,18206,1
23.93.38.188,25578,1
193.77.248.43,19288,1
79.168.97.183,31865,0
83.128.95.215,11046,1
88.150.0.151,23740,0
126.88.11.88,23154,0
176.107.2.232,39078,0
213.47.38.119,30197,0
2.176.243.83,11981,1
205.178.114.179,9557,2
95.216.185.165,15314,2
46.39.255.118,11027,0
62.178.176.13,23154,1
89.153.41.109,30763,2
92.139.185.235,29767,1
79.132.29.16,26379,2
80.247.250.194,28585,0
109.147.232.55,38197,1
24.209.96.111,23154,1
151.240.16.7,25639,2
203.206.97.48,34623,0
77.239.47.140,15239,2
83.68.236.218,24744,1
212.24.99.108,26199,1
193.38.54.107,15124,2
217.63.202.169,18449,1
2.190.124.40,22745,1
31.185.194.137,36689,0
202.184.130.62,29968,0
174.138.213.36,36234,1
46.69.27.107,23154,1
5.233.41.57,24851,2
109.48.181.139,36594,0
2.106.65.54,38715,1
108.91.138.133,16384,2
194.152.187.196,16050,1
151.234.13.81,4567,2
2.191.6.7,19395,1
186.48.157.108,19101,1
76.139.41.230,28013,0
2.219.25.158,18703,2
80.60.228.34,37839,0
78.196.188.77,31991,1
90.94.155.22,37305,1
77.8.67.127,20238,1
77.248.123.181,23154,0
86.107.83.247,18597,2
5.74.186.122,24227,2
2.191.234.14,28145,1
151.247.67.36,23680,2
142.119.6.246,35359,0
185.199.225.66,10779,0
83.31.241.153,23154,1
37.193.243.127,12239,0
102.222.249.4,23154,1
190.191.119.254,28596,2
174.31.42.147,24680,1
5.239.57.164,9601,2
104.205.196.59,9277,2
77.57.162.37,39830,1
67.187.77.0,23154,1
95.31.23.9,17902,0
2.177.175.191,24760,1
91.246.245.133,23154,0
5.238.199.61,22300,2
197.60.209.243,23154,0
146.200.59.141,32827,1
2.176.67.212,27875,1
151.243.240.60,30170,2
2.191.229.255,16739,0
151.240.255.21,16640,2
71.196.6.193,11762,2
82.28.253.161,11089,2
2.82.100.106,10700,2
94.136.94.87,29925,1
173.33.57.18,17543,2
83.57.4.130,33292,1
147.32.115.225,24734,0
2.176.102.207,15395,1
83.85.176.88,12807,1
74.132.238.101,21416,0
90.215.18.211,30239,1
5.239.106.254,18985,2
85.243.73.136,10240,2
107.189.12.30,20565,2
142.179.5.32,33556,1
109.226.83.50,23154,1
2.216.251.121,23154,1
199.30.79.171,14382,2
83.254.109.70,39172,1
79.246.164.67,30090,1
86.96.31.94,26448,1
71.38.88.3,13795,1
71.84.40.103,15177,1
91.150.120.222,20954,1
90.215.150.12,16444,2
184.54.138.25,19134,1
2.191.223.108,12512,1
86.161.205.212,20473,1
86.6.108.198,26994,1
31.56.160.222,14588,2
95.172.233.18,52494,0
2.190.146.98,25563,1
96.51.141.220,13817,1
188.243.25.253,12981,0
92.149.161.95,8902,1
95.155.115.232,10103,2
2.176.65.74,19726,1
77.81.150.177,16224,2
94.67.119.54,34477,1
2.189.159.148,19827,2
218.252.198.43,12345,0
2.190.178.54,9501,1
207.255.164.253,22409,0
103.173.238.113,23617,1
94.0.93.149,21951,1
82.174.238.111,13801,2
89.117.134.218,10812,1
5.74.106.14,28491,2
81.136.7.236,35034,1
146.70.82.2,42142,2
2.191.65.176,19107,1
37.140.37.28,19597,0
89.26.237.4,23595,2
80.217.88.114,29799,0
159.69.153.93,18069,1
151.242.145.14,12889,2
93.138.149.210,23154,1
176.215.246.79,19753,2
84.120.147.1,12437,2
79.116.25.103,33626,1
2.178.229.222,15384,2
70.15.115.137,11894,2
2.177.50.27,15369,1
188.210.159.30,18027,2
88.113.235.100,21942,1
185.65.229.159,23154,1
89.47.202.203,30654,2
198.7.58.231,42142,2
92.206.110.171,12163,2
47.220.228.150,23219,2
5.239.85.31,25052,0
186.73.249.195,12379,2
182.239.154.85,28609,1
188.210.110.113,25594,2
136.33.225.219,11499,2
87.147.168.41,27407,1
73.125.141.125,12854,2
89.89.209.95,16224,1
82.221.141.96,17102,2
31.56.4.7,27956,2
134.16.78.198,20359,1
74.214.234.121,15492,0
185.111.83.20,9935,2
79.97.230.225,33106,1
51.191.42.223,26749,1
104.162.113.43,11316,2
71.127.203.201,11446,1
82.153.138.144,27600,2
105.224.68.111,38956,1
77.153.153.217,23154,0
31.56.144.249,15917,1
176.123.8.81,25932,1
149.90.235.203,29357,2
84.154.216.62,24795,1
198.91.162.36,34650,0
101.32.218.220,23624,1
178.212.98.11,25095,1
45.147.200.202,34567,2
91.125.48.200,29389,1
5.74.217.64,12015,2
92.239.216.223,38522,0
189.238.35.227,13461,1
101.184.28.183,30067,1
31.126.86.173,20340,1
64.53.67.11,13048,2
93.190.177.116,9903,1
212.169.10.182,26504,0
86.175.116.18,23154,1
23.82.143.144,42142,2
213.152.187.210,23396,0
2.177.37.16,19469,1
75.173.37.80,9531,1
90.5.135.7,29121,2
178.238.149.159,26164,0
86.154.220.253,23154,1
81.101.239.247,16593,1
84.196.161.229,28475,1
2.188.238.33,10189,2
2.179.34.252,4567,2
138.201.116.107,13922,0
2.177.141.235,22118,1
24.95.174.94,26837,2
80.229.26.154,16257,1
78.131.119.60,28977,2
37.78.157.35,25847,2
185.10.68.54,21371,2
174.86.131.98,23154,1
159.196.73.121,50001,1
31.111.43.143,34494,0
192.184.181.156,23154,1
207.255.40.178,23154,0
142.186.154.36,12049,2
188.22.68.149,15166,1
66.173.127.248,18915,1
45.89.55.82,9939,0
79.117.55.46,35783,1
37.116.250.88,9195,0
82.40.38.12,19931,1
209.58.147.17,42142,2
202.169.118.85,21228,0
94.19.200.5,44045,2
107.179.210.46,21965,1
95.95.160.248,13661,2
179.93.227.190,21266,1
5.238.186.64,25281,2
219.75.44.65,35991,1
82.66.55.65,21088,1
82.8.16.141,33872,1
86.151.0.50,10602,2
178.59.252.229,34982,1
86.6.184.208,23154,2
38.35.162.207,10380,2
201.43.45.194,35452,0
110.32.145.246,25156,1
46.17.44.17,37886,2
24.68.111.85,23154,1
50.107.133.141,16453,2
24.69.140.95,33581,1
190.150.139.139,11647,2
85.226.161.159,30215,0
87.221.13.87,37912,1
91.122.226.236,19167,1
71.182.130.121,34149,1
135.26.195.176,9613,2
37.187.103.218,18310,1
46.22.24.121,26587,1
89.153.245.251,22816,0
126.219.98.78,21020,1
93.51.36.35,23154,1
92.239.180.104,29018,0
38.133.248.213,13945,2
87.110.66.118,38036,0
64.253.86.15,13410,1
68.39.157.77,10210,2
93.173.35.18,23154,1
85.185.43.124,24531,0
193.3.19.167,9444,2
71.60.82.58,29597,1
90.22.221.126,41008,1
73.129.51.190,10850,2
94.34.44.31,30649,1
141.136.133.8,33330,0
186.75.196.197,9580,1
198.91.159.34,18161,1
37.189.138.220,27003,0
176.184.53.109,29202,1
205.185.123.207,52025,1
210.185.104.205,23154,0
98.176.78.160,23154,0
82.165.77.33,22078,1
124.171.212.49,29575,0
73.92.236.221,22370,0
31.151.100.198,23154,0
23.233.207.197,30398,1
66.25.184.120,17263,1
178.251.13.89,29800,0
76.225.145.107,11315,1
72.210.97.79,16521,2
82.9.208.92,23154,1
91.38.168.180,21366,1
109.202.205.199,57162,1
86.201.123.161,24402,0
174.56.87.187,30067,2
92.189.73.166,31002,1
163.182.219.106,9448,1
81.100.81.110,25561,0
118.241.149.166,31053,1
98.10.53.227,26650,1
46.188.104.141,10220,1
98.117.210.175,22541,2
88.169.198.252,11909,1
95.220.0.81,24049,1
23.137.248.114,49767,2
176.173.229.143,29131,1
72.49.118.197,9972,2
95.79.79.224,19974,1
188.116.27.227,27627,2
78.196.200.207,30184,0
138.130.34.107,23154,1
79.130.8.180,23154,0
190.140.25.185,23415,0
49.188.54.75,31716,1
81.77.160.134,18751,2
93.184.207.169,37808,0
73.150.142.245,17796,1
116.203.88.205,20954,1
73.123.32.34,25846,2
83.42.3.126,25104,1
93.205.76.176,23154,0
24.17.211.115,37853,0
80.192.211.209,36542,1
78.123.230.216,23154,0
185.181.230.42,15404,0
162.238.16.99,26133,1
83.58.145.216,28999,0
89.176.206.168,33692,0
65.20.78.178,29044,0
86.105.41.219,15868,1
136.243.147.91,24355,2
5.160.132.215,22871,1
184.155.240.208,14074,1
2.191.156.91,12449,1
193.181.35.11,10729,1
178.141.102.215,28601,1
201.110.129.58,17042,1
212.130.116.52,31681,1
2.177.21.53,16224,1
60.227.99.56,21732,0
23.16.183.39,23041,0
159.65.227.61,9401,1
64.127.191.197,14817,2
75.190.98.236,23154,0
77.91.84.168,63003,2
89.147.108.209,26014,1
108.11.186.114,9397,2
90.169.196.208,23154,1
84.66.255.12,31781,1
111.96.22.106,36206,1
68.147.178.104,12202,2
66.186.91.159,11840,2
50.125.86.107,35477,1
175.36.83.132,14121,1
208.101.89.146,10301,2
188.167.106.47,52942,1
94.9.230.252,23154,1
176.233.245.145,23499,1
108.56.137.196,18224,1
95.154.88.99,25581,0
108.248.85.199,26858,0
37.221.93.64,18230,0
23.244.227.79,15853,2
203.219.241.6,39128,1
76.16.90.219,9884,2
77.239.254.98,8776,2
67.189.57.22,36892,1
94.102.124.50,19890,0
174.0.57.110,30618,1
158.222.239.24,26152,1
70.176.85.117,9757,1
170.75.166.158,28578,2
65.21.153.254,13561,1
75.182.145.149,23154,1
185.130.47.208,5544,2
92.83.42.103,11638,1
76.124.102.197,39435,0
68.41.141.122,11209,1
104.173.229.190,27235,0
84.72.195.143,36081,1
151.243.240.112,17799,2
14.232.252.126,23043,1
15.204.49.153,17112,2
84.175.15.22,63191,2
151.242.27.174,15159,2
89.177.62.111,18969,1
95.214.180.217,12085,1
98.21.135.85,30134,0
86.138.195.186,32849,1
110.141.133.132,23154,0
84.224.34.112,34481,0
2.191.94.118,30388,0
91.136.165.191,25418,1
95.151.218.221,20518,1
83.167.27.4,9244,1
47.225.121.62,32881,0
78.192.246.253,37066,1
85.138.178.107,10177,1
188.168.41.54,55334,2
102.140.249.19,30571,1
146.115.110.131,28078,2
198.48.238.112,25820,1
146.70.135.58,42142,2
155.93.177.30,36160,0
2.190.107.196,12708,0
72.140.111.12,30532,1
92.186.127.13,15565,2
125.239.34.143,9711,2
59.167.232.180,6832,1
70.83.209.106,14250,2
67.219.137.173,16034,1
120.149.67.158,23865,1
161.12.69.122,12345,1
1.159.211.178,10769,1
69.181.101.130,10488,2
123.243.60.82,23154,1
89.179.126.109,4567,2
5.228.123.174,17874,1
173.63.162.115,17607,2
96.69.176.82,27776,2
69.54.135.50,23827,1
76.140.124.70,20622,2
85.250.12.180,27052,1
91.206.228.91,9182,2
87.205.222.148,22453,2
5.74.130.177,13384,2
178.254.54.58,28452,0
5.164.156.160,23154,1
24.184.250.227,12005,2
62.49.88.168,24741,0
37.122.66.189,16749,2
217.218.65.118,18782,2
50.39.234.169,27606,1
89.219.94.26,15807,2
190.8.52.152,17237,1
217.219.236.41,16708,2
151.242.31.192,17582,2
14.2.38.38,33608,1
64.180.186.178,11500,2
95.37.148.220,25218,0
168.70.82.171,27044,1
184.147.123.226,18480,0
24.62.150.134,29127,1
83.34.221.158,24578,1
193.149.187.17,11212,2
165.231.253.162,42142,2
81.197.140.22,24863,0
45.14.227.39,20786,2
197.144.165.108,10547,1
178.194.109.153,33079,0
2.177.38.181,25557,1
82.181.102.229,26179,1
86.45.165.201,21083,0
79.97.156.165,27376,0
37.78.82.207,12101,2
174.59.108.109,36140,1
47.144.37.141,23154,0
70.80.19.133,35959,0
99.254.173.217,31202,0
73.247.157.253,25261,1
2.191.40.92,28090,1
71.221.85.156,15712,2
144.86.154.50,17612,1
107.3.143.39,20212,1
93.244.229.161,28865,1
194.26.135.110,19897,2
91.156.27.244,28711,0
83.115.168.97,33365,0
84.28.87.135,37109,1
185.116.194.243,21105,1
151.235.25.250,17421,2
